1 1
2 1
3 2
4 3
5 7
6 14
7 37
8 80
9 222
10 544
11 1601
12 4095
13 12416
14 33785
15 105769
16 293747
17 935184
18 2717376
19 8848014
20 26134254
21 86210716
22 262068267
23 877833206
24 2695238060
25 9109101156
26 28619396967
27 97879220771
28 310021153392
29 1067906857449
30 3440140082033
31 11957123227292
32 38736122724980
33 135371306384759
34 445093982337843
35 1567293607208277
36 5179574811382730
37 18324585092969019
38 61249373746448064
39 218003300428522966
40 731399363529163434
41 2613016144162306114
42 8855076574660255550
43 31800359983002619790
44 108123774609098593812
45 389559050159518998750
46 1335377626077078678177
47 4832039450150125525817
48 16606412419010794469974
49 60252257070596373899944
50 208628759044541445605436
51 759868228973084245476716
52 2637401898880535110567608
53 9629227248576761263890481
54 33629959402591533239511336
55 123185762522755857639913826
56 431039642527761792317184520
57 1582134414668293177901730851
58 5567995566133421467142516083
59 20497617004704177517053601908
60 72264052950164284026650177293
61 266522480995307176214386779479
62 944253770277288153402638213584
63 3491520525650580869062996070752
64 12387853662360023185143066434907
65 45879978324561485007277413692226
66 163539484733260432889711684637485
67 607117591680084632440037091871806
68 2167064916092863773596132148026431
69 8056917963477962525468870219718264
70 28873691784600001159376850464506010
71 107572264639899467674530273456977510
72 385947401516970336133531110018087364
73 1439773256100871848174408343230076703
74 5185131758367236899254944026639178329
75 19380122524017973402178766673667256456
76 69869823318710796506568347016889473941
77 261463263900728067000114011497864796911
78 945766202237003736997459805876685154692
79 3545257754632808765096005342246164643812
80 12835581124024262992334763592234616552182
81 48166692910872374069437203346929938892580
82 174941397644105260618723708139396206337000
83 657532889997884656517189580937274458099284
84 2390253747420612569958696155048380590439850
85 8993021436864452580023411071084017455422902
86 32783105707272372530718055712631585893407380
87 123519849308413841540296863829269898593819560
88 450613552415861258364524120515412887487191234
89 1699351436787616576517337504720073990045221378
90 6216104780503260373951391178149387139808515842
91 23473795823553645118965160072314556112728019908
92 85926920314084965029183684992206122691048179554
93 324759590838982396112054056767451937750468700762
94 1191668169963169052541896427787748470808686718158
95 4509432137522687445993612634301553984467718477266
96 16557073807103163607813000253452004345217371930161
97 62702374042353221967250333957373549517559844987395
98 230758959130258037336272473440881003483138673992111
99 874910685579627818240242134378329731944322788323698
100 3221813965694604231413289830840614763676650403775147
101 12224226866220549666760909753605939541723919295028468
102 45109521264467669517927092393167983457189951361852490
103 171336876140759316890664732962045924381139713877796894
104 632592436372031782074279604028374780677595637845931300
105 2404333083748390111925523305447821842699322144683348472
106 8895032498784234531124334463670036148378179829843073620
107 33841971152892644925155589568306149179926972845122767824
108 125264599438199056483192963373804671346195785472241691588
109 476880007998609913227902130929465769480524781563962681679
110 1768405760286600751214195602536201850374039193580123496217
111 6738544848561122313457518889581081236741248240512784945590
112 24999505806106676004511748679327541683996972538962403426838
113 95316108937940960086252693784508707907919606718173942954330
114 354250297079619103603537107149474594985877689555233541804930
115 1351854206434183663348990564246031173745982031404672523905268
116 5026469141038453977244053298827351734485173958079583508435723
117 19192059310444106548973840270213157129395239288276637180358520
118 71476613531492542042375416371822362646999904321708353500593890
119 273135741331851793977491830037875515092865371783586147169493308
120 1017622529551957861705064690648302614232120139488673729985972087
121 3890646276667505824172754807876991058555787262664565114441113267
122 14518448408692844016383772209651882533166299259591231747476663136
123 55551448591502119576034412117489752720394820669616731691399966313
124 207374961316177341755558783891808702485874762244269335540249426315
125 793856287726560202823281585146117294272510326307762015731019813034
126 2967817333480405611778675454085161201672821087219933070594147768568
127 11369448970539869111331890498927633470966368679613634970891453313635
128 42518566148054429332240406535464109247686740150987947592524332179929
129 162958192545924371597912338366289560764616487615595197622697216759404
130 610289237952955406893490074252085436801666695635419285256894487585485
131 2340654464564628684140280230988379152507281239929384284749237998478675
132 8768779728404991055152676277722822057255133712617164881677455966378265
133 33645586700682060377574225479012729686516228508524070626161738012892592
134 126211837092457820986145552568686537205240475671763133494650659826021076
135 484587953483372575511723334776772555294020780491217232301458956007064468
136 1818320205683595359852829187731170347707930512737105615089058428853833037
137 6984208558580063785133244966258109835395336653143688371467231511366907515
138 26240497005671706144187638978228040895762308664380635482468103965769814714
139 100853585953244809516663169772051683250171462655157186414319327710098022557
140 379026840458726821605284019184438158841650633547082634101633279903508520775
141 1457325148344886866586891092497860972135878467240703966397223780887646311379
142 5483416512615744842628752660560345253579117422515034137273833745037758371605
143 21095664683498596460582407305121816525708282162480477055588627288501426959380
144 79395965578125434270861459817690076587187188067464969092102498342773982171704
145 305560194668009174373419344893260027168313585803991140660950942954383377756850
146 1151352909415917608285153766905450368408180837423722808997153324734074428721268
147 4433566711303409173280768020437285194098022417728418491414761843382674652369082
148 16709926734999898470548366730518232473580522285939970803846314636028359113899377
149 64367992205899190413442817868994973545089013506763974201814895476617938992430574
150 242862693990301619342308365521381558659404940080794785619868953876156854684830406
151 936025658881564278583294641865792733568274314940644151685006821330575384797697990
152 3532452372969553547432234625245225846647788952551411704342610254266847684707509757
153 13618974828718569127683425327388810611419293436701562445006674212630502193033335679
154 51450981734036765441132112901541084113516007395432789189225788315064294430142382396
155 198465642768835962282527127151738897088456977054444613859758726385299423007204954253
156 749948295525793196234730216360555543866440775879970810135374956841089302723153800737
157 2893737070433215034687363109708842664068761180217815509264270936525113308531582610356
158 10945479439842191594500949766829672724412657219826570206365436711017517722293174324006
159 42254547059481950940854024073000059706274069450470684283820410082832821956313083799490
160 159858641138306705981777754921192582203982833486805378505601882102103679025107368775484
161 617309312182779188287306347791172387654566657665843926246456445693385289681655789701236
162 2337698224753094398851733811717263621965700716361068192006074955551582906305917751905528
163 9031491214631593880202932628219078267557764784991093573146011031780866265592451215406472
164 34208321228148921098833425278343830817190763672393308277292717705750806800006899569618566
165 132198535614548593179521394874321342844862815030341156650960072139532598769274298191040118
166 501179662844741667180203511750169877907280095172912417592364914121409642809456265754252736
167 1937676595898777430183313405107677965043697106725869799811692672020024412956493588711625230
168 7347266623865878597127802659123170207672591277881884151318969065317695289269074482390471212
169 28413868516404156909373832396786598695474547814026303652648487041491149072533114736722001514
170 107835794146241196777495862544141186506182764042574697668117920166551492670531156782215547172
171 417209828072213994888511699674177208725204931068390714237240701966565669544669193111600973038
172 1583668632527187560693258276906862184232188603126899335740477592847983350228921791062589850352
173 6128706509749342232647444252781151051617847195505128380097504111915126064265178530431027070376
174 23283195804917659735634435129786511610374603580706217559872163945566276361356022477909792776756
175 90141419534345977991266399120340595592832500329276150311058120175711168519776278339457950382182
176 342505780226687187292537267979143079474618830614341162495342872575677397871169466526579889747044
177 1326344958108747576540744883075732224445272739825453520982307474463238769270086072773226731256722
178 5043813816902700964869232833838690397193795036338577917276558905622733311316845331616371147250900
179 19539791644441101864098311776166248406187715215013920601063468397229660753430097899125976014791130
180 74317695480779303841543633274691943944233428141080914817893893217879472066118929926862985286340476
181 287976292861940909650050316606391710525213077574167390565976109409585647979536752564918250864822444
182 1096139504215209884318583741489929369763152507452817776228132695880852058463966775346319819368033260
183 4249069563911037171824997180283099838160804140253697746280180958583010657624452560785659382178958640
184 16175802111382658743891806166868941943979266380720915170753117502563524708143108449302298735913127382
185 62717963215506223883717670335182409692340051770347118222695840755317079007153380213088615017956686678
186 238943956039075398134890089018008202561688770313210212696791660633701529768815428640100689263544476776
187 926789618097211566929366265498984435042593064914044096412544445710487983344681947323387283181981610574
188 3531408925955831402120834542600846413767832303790412334020221998231024801488963806455155910437044618406
189 13700245781338400499369676352069173671660974767768284242033831834174822658645655389492153956506566703172
190 52240597831406116798904405845299299762593712963711546146187664793369422248846409159684956697239251463044
191 202740176289164484100067063031740317929214284206299916137691120521552578405138417896060949513941138558589
192 773172738460288076964347820711682331826946637556867861184230894458065765593230282776583597888574017247258
193 3001225699984543779826595156334124465765588078623229621003294854708006558058010206996597910142928154256305
194 11453669142480253960147166964400136959092817930584920592677777039398517468909874047805171776835893179530506
195 44474823430714673307742821043566054595045129337937593180055320736272290332198122962681667489121747137461855
196 169752945609268892134091223818035320117319620214179731764072875723658719522154562107078117519191480695800856
197 659287628594869102007659559062318009025097741657313548992817662428682814308682046198092094689473772798299148
198 2518078764898107327267782873335307336257935346493721000736953784503054980401548332407268346920991379601325978
199 9782894838676133719334401249321276713279881302657913264547401920185306488972004579929849542821502251250915970
200 37369168862236119816804937721286558143735631132776404881411960140991612818484943674198946176856899552998918933
201 145209541194393276393650412798618124183460483025126038745625852166564901259454232541298941927409412297911837313
202 555045946652008410832193200224962511784188000072192552204653593909705920479849271978227187888832404588639551992
203 2157483934234046943199782187619331351243193597577132194342219932885465825194648954362272097901974440848440743561
204 8247703191236680020464315036093693291105327206045663383344871734425839977805261633188577003912746761135452909241
205 32065133222087738514784126247786742121389005688810030340353835277112984923359729674749808744475921919258609874728
206 122656529461044399462281406079353206871456747499137635809911054005530857347789675428231108374684824967444511767380
207 477003393973941162249638569040959898794144056777613031929686900259205156803497783457760158158196934975860261513716
208 1824845616015863420777021222871272746162255193542689212482605383182401463705549521861325116732716543704604607064976
209 7097975321882044911562016770513581182682100954729506545181278610256983794686923508819391665669622950336814836504138
210 27171181682843291846324219976201157090756308368273882780590943450643435276867586178858884742911889970228604283865728
211 105716945627180332516835293343465015531228838044795172223398711425409750573889844073929548199813065825863128504817460
212 404730502972173984081881192507269809640968285430914417028356530860052906208696126742626349895499066777065051466566226
213 1574989477824132525733494081058071062319154935175020345669173774703370990722237054413073584955347091807337309287563028
214 6033284145611277393037265784154092801122975064509050871713408452291723526351553084243101597486543255739345082866327500
215 23484838240995815704729215632131797397142972982251319847384347911584004062993218144706872893555362087418984164842699710
216 89971850126042177359632384491707772966338803116684291790027953025403637968041664491268187797261322839240065028410890548
217 350277774709939381250252923169365495063915381208764987551282721213485599896155375371725210899090416140384477635979579044
218 1342714761053617207688738303257447842176386796915903214249570747540959853315644258661110824456957441701857250051145873500
219 5228883474496008247338413630037214855605717747647727393664753342136226869766837484180916302696364739022544659698716422836
220 20045793039944015098949211673585636367001542310956931871178433911847089596853619634554798620080156365553904331579600310268
221 78076225120279777822145861526914448222433727044686257111030685459181562237315954576671962176694665900033516835801935432974
222 299483133764357311662848772962367076295213665849334263188544352328318269084204750801281780101349821219679123869632094596554
223 1166761767848731542086800794939062310189296354846687213801625260582205409575448235909685384807596847358246257181785625846131
224 4475845663812826807304577393307115360591722121854525974248436433915964106241425675841720328555470596949621778819930478706215
225 17440229099264620205940480225809258794592177143570493168015929878963319821760264460092925783332072441950564621751620552505265
226 66939465810614054784674629669605515953004227293049145192923131206328335072353772125940467498919908760383679901412939118371042
227 260898234974088880188964872702687507271261697004664944918839709300883983765833519010146544336734054718895536532969030645884681
228 1001476722346658933949111126202860963312679082589703861703018545323273424065447824959469312088022368296223330464186490079058576
229 3903871276074188441120709860997397490507453953882823774137827092628104727306967765336150866803157652354765269480641993351734738
230 14993057564972153195359276839149756208593944432041878341803665150331476212671370520122005679000927431674704586702123407740605258
231 58459083098135675080545775493696949142672036941824453401757738720808513082826740259251780585114338879166988064770472200288253876
232 224534370330857619032829377714860784517491394067280716337640033340243945959752063561857816859613210802463662403172774816888924898
233 875603489509741365981407834336396935211954712836287280179748029738787189064007636821987696670737016073878040901254202925665531838
234 3364815050021073417354655173338246107679258627374447198194813862015184861428877985889351826619144270563561058868161549712846481304
235 13124740948933128274598151030336701071647336792168143914821819211070762810760124453781323047177300177388393863244732579931995022438
236 50440659498054885637009378029608880033206363941912998975145556537097262349206874302965811202881869886884020529583874286891102572197
237 196775819426408076968440318119496430216651930138767387697422735838317595495490058136274991993321324172786115908200664982625933648997
238 756613211614860437817257886455986175580232627469017436192591651266092421025153298598377129119179870909607710963842678139926249090730
239 2952334961767069547136906280701503266874179579528606045990169173757633967489357049857216144797427298627251896878545384189810513624242
240 11352749099290100743997185758429328064211761862941885464123012332232097376045856889964751173500231734704248491711376126387644668901734
241 44304886010041902622687561303104100968967602108303382829154268764685203005072672168511755803607578119226053345529614227683418704486322
242 170450207244838997639339703599051707992805740798544658000066308635312041881754148313604187022639655885645868280415516117211641633406020
243 665344950740958054454716573350405346669908362401905080069715540321465196138529648690326169648604017648069292686459250216520784146355227
244 2559919570154067637252509380612235129439895384910632401674490261581076098354156723614973801412570125567291350582530382034580332122162480
245 9993860496071984993424113767825101912221652400486249759038839506427912244447106545450433596305453519294954489388105028822401714280107386
246 38469193251903663890540182021915027549285649955534705832282263329646288852186985905815350559743925296022176958470249837927113927579718292
247 150215560009158057527041931177451539753508015368321313542558640211020602998388452991641556719154869291167797224125248668575964426518921031
248 578262912807553524909883309063522597863268936674798628360572989230844796956698136826733444525883035533743044277133712437371067646950283187
249 2258304200496620735716213636225041998577987242051128486688040450478429199240570600708832238256161406186004730170383581480867987683180452716
250 8697442206401797627884202975057679696347969279628302446543362348631444342721231370111193075886374189940713663394660235079491320259986323069
251 33973608666202256594593286444902806858654186270941473834559448108132241224389213046042665777042699635112242560492327105435862323973632314123
252 130852387435792296489093411296189544308811642866318064777621877943100315382228247796603785602148204811783550186208646224341472055118658234394
253 511194150548456074707549803726352425544636738462951187541153504640541089639718521370128080533419929348249077226703208839969810952361673642320
254 1969769820437280162344239930873515831316316173984554728854025131947914028536277584960478365281373511575384367670306257597771694668865807504983
255 7696783112208975400540964442343339430751210057470834232196407235466599419863317715928857924772780276520685654265841813786650280720352653842696
256 29659726895972166699802893617618689552006116032752616042727505336822946776635798176318531519972474394755121177503376918263182357040550663891324
257 115907858918134699269854877512958310238227173416127684870644458513881863991421607300482285653735761244129256385085359207730558288263669972395634
258 446847251805443985707582361882556900013667834074931311004058843282072025864329553726742148730046262567609379998526889954844735488246650409989211
259 1746597097583519876921682224929193970884721810029478283006877637502413933405846090040678981382847326215828755405513701114578971937819434811243098
260 6733914065626971146491001931866860023280685968170942346238975770330694773102155924321661948759651163339566686582763595703244740326969122754371314
261 26324016710899319234672615651499584954528210933307628175233112936438638455239906161872768640715600342540661790492079925442766297185666979035802538
262 101532866375950280077708270983357020515856079354456951917427062379700168312269119009200392326330447182389030459451099393686278715944553095976093098
263 396986625036310725165903639018226717308149791329376752309217623419480210576895569053440361648923984174545540996332846737645462293539587271385277529
264 1531286780371025956249134455560284226375263735066141135429963565047752435983253970440656634652435224024074045049904708989171052154758024931545968606
265 5987902430605285638080754082087035370937994376571939438017771045868309854600977209967818533949158437937923409497068176984942095130501067229744677941
266 23106474882366981408668437709817377972576133542473841510416651889124218701681776520386749411882829458573093586429095336695189750341104562264797368793
267 90372224795705265392710468714088679786363565407114474721701663355146154024602276488170492802297063576575448248917056179375879628201632603806877529752
268 348754940238953440366308224230240922702490922426963385225160438702465556251884885675523460469797542330336877059498440093742392746303645376372843026252
269 1364173584462657363863694784059344637506159421805448023459082526609437243624590797810615404732461918350112043458475064785071577145653473089568670079395
270 5266542854644389113049487008831525133980159670918653651852868017139142618321577185183730701124039553611875177726392610968663464371864869835571122560420
271 20604165900061018200004947438584406926242911270720773203520266899634663740238038473535538286949948937221741314476336528531942097881462550682043510991578
272 79549101342943802489823632382225279375684241367259707077580036324105735406325773016384479724934685893814996488402977284130882228237400623440560498933902
273 311251093013973961582040048347792050614984433650871438509727464815952706037925498076383785110954595753100004727271425744549081133016489187826216376742190
274 1202155536394181701457507364337601410710700152339772273919051167628691189062441820211073728225304877541231693761049228880480257289701915034165221779848722
275 4704517093669355846328819428692017716703761863200473868417575989582018395040604215197502094133408909781418825343029928049934641460199176122014198341535557
276 18171442575297049044312214230260855502584349055704741625699772597569784383107633447276207007688731609398854539912319721613157046947802011142386960987748342
277 71119572711771890629644054564960274947027176769280267209783063099422083210000433094587433419541084152470202990281463118952958510043089331090073421720333472
278 274805641526054000973142056313054238778389527166981346237049270408135335068988433186455424322581204918854017353350064429080101429450846750545570974740407270
279 1075725310715072569726855585713743370486469527420377834875937194889352144529343979130932130832049372044208457654744462638988209545232272126990017249401340125
280 4156812215074739167525099421775589005739292434325140822435851592127506571488457129339907535522685064017738651190660825786364056294793509011803138886496343967
281 16273456599894356268599343054232197631653536528297845460475350109097065235618229284636014149448248503495992274955416853024380780433825075335303437977914589392
282 62907137829475151372917775917227816703230788366952649493934713791248858095448709976538515486643950501604156904145221616268129682678185364734737895026679192097
283 246316812096591396613419684104834498074894063004620380237529171784257092961765928220723197772000945058937735368970158057383292844878589758091046083258483291421
284 952219231632496658517979474075494475448749101437231365354668775037547777756054414858190154388514330245043771948459616490379937855067646562984832493539263571824
285 3728841627355051793556135800509737661532505983714567248098282750797808243221731384583540345995933787652812008547304047678543518241968716854357903957515137812826
286 14420199535179341345765777600539565820670770081435772523688786518520332967554836460416873378052573827213064418722548536275094809935390839054714776887657231787056
287 56478150109974013814384394106389861740694338429681798121451785255463795666402424602991699353550246928620268834975699911400858014812803574580258126702491617697793
288 218423185997875173226784031015907111946876665936889655430230409734346578464419534658451582623437281061256203561775429344609454313083839504757201940129277317706493
289 855557622042832101393775537501953799432886133138442714412425566817002727258735868555602546648527943476957851565653322302180039003358542974648641534134391851439719
290 3309947704807621362651557842610218999581544982379429117278760732123104356025678734544777411576308810814143319643126483898942836978038526469945719573503637182436418
291 12967095700711379358633872576563308927799340003785799423513468713687212649271872566646097876993633057489146758418535172511992263758415405927149643156098668710545651
292 50169046645836247702077165401874539917964375573489874146815837291688654258922532657856733215050066185106386393587660624314784703260025790674546412614003350445243710
293 196561318176817714481356241728549653083698875025385447274544314037714396215400152258748918960976101177969836866026357222244200547349090293896378904024753918549265998
294 760743724378640853353188139497815202269273076341627378729182135824990590993035649824851771943128911319517793267253419902214626489518680644538224972017605982750580204
295 2981049983967451089726666058366342695273026713682909074219586880462698143886457051112765533549726454929828702812298288106783832259455930603190651357600480869385534138
296 11537961231656865403927482491705135875757058438471219594779175040645207697532659121834770620185786760185987791650282996076198136774577764320057064982563557502156306980
297 45216728789016963666879001941061095672571512042068005237027589943703578403586277284775924520845637667194859828786800731739677241231162129165731903145848035931959056110
298 175067402228416890369905860188940756880373260879305287373882344811420231919508151374033640258933806568832002750808814309783414684331291780018546628034910449180632392722
299 686187709967648685100601711071220937864000851804749375108903245016546551405764711088896194669165648731931051980313753654919791343571761973068634730813634134386112054634
300 2656861025027320509410960774025969155788328496633744766138355397758006175762095345639673998668678171211998909156436560394907875968112796373624316590615028695728482448639
301 10414657577217349858902197135171619739622505955352509707036281861137329951835166625319575363930345709937947945912573561291265527985272107181149370198682422304522218213353
302 40337729024537036289731943575777282460473829872316994532445185118222609746416450506589038912492341103771270152600531755754425730692753259557440763598445239341140983909668
303 158144105758480270447106145893862486036790549400687659769560009619397743744595328748381996722420163485634598336815551685477254651986130665312488721983105370165233810923748
304 612544492942493001968334133912531943632619427516836356879308830156786406823465457371653836414932219979471062215360303115784328372412790633938081377166512376556203249131650
305 2401686981245175575188305586887078767823064060489857138870391195668017958833383184549731982426306808529698825470820683171529943326251760549545358898744435633239775099270888
306 9305525345107804380963685582194006112866342979555003069456532834645162483587259090882187077354411595390579369368561911389249762269898767227076703498240359990344398416432414
307 36490859672367166617999495170614170425520734387609493287087079246365242429749102943442383819697781549555461362352392371446749279495757772206143082774348595248339824033933459
308 141392729397029194957656117740076094144162382596941811767132716587055538906457159615287941205398813051741009121390558394991241957494267726580664632462818736267039002635445300
309 554506798146262371968900086384192512729620428434326611472761587457421984572525118240957017279289513155748760618129823484749788959082389496170337114759569048723381298892100090
310 2149236243316991859560938110295406927860577037851171842484024999077174541381654331017155707771353255857749486127304993806434901054777406768356851921483146762722925047561829092
311 8429975756192035312668251350553135338404063493019180063234339745243769645187634266877945847610168455980918483056965892227768687547897763979869534347890579781861722254408852675
312 32675374938731793789659492668436881452865803030778767812795422158898729919344366891091112760202960775249439948968657364923728622396108104360523494896031790320507959771185462687
313 128173460757030706030420488763271393469136563250167400356719234338259597369191981183866784947789128653846977518815679888044544843796325643825040980834072899001821398073512720844
314 496965189425842870771421579404565097079935820173726545546499217649466604099571548431979718222357795836548218114174096679194498245133650393867230083935741875802836052776122314757
315 1949687235797120115763458726229303383522796202706826048837374897115095057601352027419766121248233907001944040168478416263804533391225359947568217098023597445258194117619340786363
316 7559795394737374366630711419784853465346557715074819370809420461190245388368295640463120450244958894547429107837348140003668628815768537974153553808061762312327116628327381607492
317 29660864912583295070082129449583140735504530463558099100183728649565056374716754598307158928589836138680122574121971734823505809876009708955893363180753002757466448948543937969094
318 115042270201015526609984782262070151961384017531555254455396618245089277297913099165502727120634612796486545093366325961323696428778000164463159502794844573305882111671217715531366
319 451430367087768399123525837255835706386355044972813196285745585226663894534685602144485031871898520582776347863264095547425497686869512767482745020112504370733849039489812820143554
320 1750976334143720174848045586908756467140045363743952560545411964153358888744923023163929921998609702246563070543469118042810042841756307095509342667010796718934820215746200313782056
321 6871432098939538410340352446291507623365280214949933018840624658490690311402228943611593848995001191113221753264961608499875574166298521938468406469535501385807959086915239283622806
322 26660282602052254216695533100447032784469333416086154304333214228627592870115961062642070160623225000617234414817981729172421076064106279360750355954519289760791238440218265188308584
323 104638247197861594683437791199243441096396712763796525769429939760829932724588911991293237455261030103835624673035585291172064180634582955009112675602550545280909780932410288801964294
324 405998207726024556906025623956938140154519120540600693816889458806214927912776188184041563321997469278675750738855284462149988953603268644602772970362317782358893462251032957851697808
325 1593613386676916386621455387016391753638736222696447919248203174695704749856498008768885674957026757057322014903903390639549638181731464460991916340777994255689977560491006601353987230
326 6185000170228043673111380558895027860071746482288230012188400683601761107237851689474880187955226605483873233022221328814552720965703828848998928677849236050469839608597557723498312882
327 24280380715896207465543091279887081007754681977000082717035590827583017355295151544744096083813255830818982137772269923029231913318840498936752399393918380603568881477784144005220599572
328 94238223007982131157844459454368099763389624495938204371212163175323077534502865300703218817068543029956090337178646338827046428586196632750651931320777975888638333328000491155512105926
329 369977176683317213578078389500098499638988487739601996640535456694104198654525331630858019163280582958537282442229829491494983406978583170881666104777659973035913213655747077750906610442
330 1436378980474919019963910205636693896323132125760251853515171086752064726438494346438191694884675910090853585925818904054917949531473263043008765257285180832792952196998962925594422917440
331 5639920911137554865107530733128902006363651485046646158389337767651294527708997027839319913271752528030359535165728794492009699379369429427392149535579898990532318985415309611704817631844
332 21896879095659878451148741118617212991076475395687262849270338547457153284115106632523387008414192228784392434899743589521756336650065713179660699061362162221018291689782140858207759487476
333 85984025355979936128379691763415057874960617872313999506255746365918880547905771348127017664150357114521781522483565488857019890758873362838549819669716823270235819514477061827593595493204
334 333921998099702291776048432766526321808537481849236586743337683984845241866153714587941954618107954425163041964098367727017263540346276908131427987456929076883192564092651002811820907750710
335 1311399622922676332814670653759448961194796793950215073953349764878689377144229532228999509004910638949987991743765683525484980656041673884127716506372319422199735564083695488508458067865566
336 5093029899943589564916811696040234774378798510690989638869675962844019261778873572123542556062703773916863607490154721180385001549532420573501018714506119118489891019999942169049827521516212
337 20003078595761435551704510949961266266823215559913821935076780658508658717376102932217968091796670721260013458761644832039867362847978974491103059225038409530763815282973474416718159624200570
338 77706188791878827638709284982460282155756665367802757264250776446650385659564326786346757288541957859440864079733421454942872744439902279816813982327228025679208438482420929721125211370174258
339 305231940739035614055265335127497396828126765301930141430001390149568196674399125380529535434874527292658108049285673709167270889481244872484392768380661035965208654619671893533616354901966170
340 1185776779252030557204163659141070583882009367155034005859236448353431268717811894513729161155066312892001924012244195260196311095176839311461591273392446481212449586968355025420241659598144196
341 4658085582103074536093309743235470529630718917970976167746565813056409709494031871200519320793837593870552007074734096161743709503312175454386059211288109489737247415266494096690389737422949284
342 18100630854313012477895961710259559761482476154278397383822118948984081711806844203483910356427002338775898946968839233686197955698135795736515822768571384007584142571100122613582351547512465476
343 71113230645593421676577515676284856073876349344017464385344806353661115792463285403332564873475503760228938954573521852004143438605966756437957913357951494030545738886581151607962845256077731266
344 276343786171528767026421078958016227267525885088002785728774379636248697491784730789287647309825075703418697696863239477632260990162924116347796788056051293934493150967531906414020098763685242674
345 1085764443787633604702184832773951807545638538755233733034014730466918165536688761738201704583062783471122261802588199796098016929566843121499524667544948412160010600465240355168663647192018007976
346 4220342789455935852656252062814449880581721547323061292780966789687835269265545951413458401219039487809237708027323436935919245651925941785972174263262168044536058162196108403411411162381832032498
347 16583841119896212146992196978429907347979012605145268811528676362763330222163068612320633156995186452563979557751575783549543672733815159730238421459496735795664609557674825758270886699818941352670
348 64463002790666157038115041149184694853721933677623747910842983167651462883074189315666217265085019229372033625729628933488633777852529415630881738539821993354631986449000488300375131818605811724618
349 253324227936533959838756023526531331316773993299394420042350700584099704191029506998262732709848987271297275743832590956371900993706947921895600602286832483975438625921648462120551961586639488710430
350 984942765036346334669208437460399595297814590591435943556176999127053718683636349620078562448462804588276155201002823046102142477343040292500631801781824923897986641803643485462896197164307373265190
351 3871036101221966847873642692235999497522036860676004589038663201158641374705338243842354896885787119661510756972227139170492206747021486956053432547999623558797885977915743978828545471424266433881918
352 15051290615966678239309789853289591910875286888274565046606904862836978383549197457518244617801224775039002861739418810990254770169444504089962290638014382511882789541115571369055730325820677658855472
353 59158601278613098839611388066912994486463178620488574821985617678424503518219172695506201962835660476308168410245061838401172872533295266643797707133359184179368804524575448044426683675007365404941966
354 230076841925809039763883278789197745843163173418703363984977751982977162650525472491712191061017685941205352227635451952646252984982647051406440872942685331219501022353779697702379168819991491642567654
355 904412325234374512291184820611544915038756238983884251145590676035646884408211426235675532288524171408917392648874734948915947063118217060141904157252221862048952310542477919868788397286253187718038722
356 3517499176017235710233546909539683552078116888087091838992644802030827442949622916308081188021154490196425255175001119316166416999445087480033022516208531546228589119201761542539122202547223052220775140
357 13827864637270913564963769594886164791726324768878513380163152070425810233933304000629812982977003859025043902878264769435663142712729635282144817753411785420348845397555526083080672366769505574602938444
358 53793190598010216736809052269677172672386495256712516368058243362159038331785284905637105608959874421180940928137195170230999859837910736503929778117042431893682528456791973645191934749563599714984560528
359 211493211530639903698655331394111476048550757373922168437285925419460573910355661346571652699826994579262333071980070845374454201986318029921186939999627796314101848580810081608948375284415141010568376170
360 822773177300644559519978770446918203348964433532247013827094710624983631925234587983762267700082646330875361582235668919899421771196914454497371889225692383305835237822786206445312269893099141509510378822
361 3235012604409139214710556105277386819010008209415917061917845214614864258742637751419661090163225061697267396142255003331688350043387465672128467885182853390383495751142244297768597262299268123185903981720
362 12588208611890611830947765058160421931432670034325288350337751922006549982060123986911037095586381492188925087187688904337158592356052277855230243533464358988220130784799791587485266420627465425703362077326
363 49500227854077136765701561955069366510750518264194161814157505088408881181848178622727179020160824034552179626466639408797832070380806682082442135263141340332003841825183897918850806889123618767937807685418
364 192622445974550381070301481911872006653265985431781095382693144797272409255512110929877123066690799003536650716965474847530573245488818303484416738887293675185346670674759791095840649507235311899505181518854
365 757489329776176745772802310507499345931977611968901695952706671187646609837899145436468875956266146020347992116212362521130597526804300675144390887847748724392072601558023278044957856868935301407765897740610
366 2948335853231609190324982775157274064277527348838831044701670767322078455728484417043739550710126771024770913555680513040535771095865858561381680845429342778781344213956794997624217724729015965360907032277432
367 11595586033895432617150493309585424418066604373264246069982492511030976392017887374276903609659382505705497292841191593572373192876978645038642886037873599137301357557489202156185456331085719802687190757615396
368 45134014211570182902040499245229925347882803993227542273493363762527438057636625579753283947538806873914716480341869804323194842136176010745849069845255929929795287626918397623802239776346723700324830906917824
369 177519189198546456921558699582421555547155704809391608456563488682810204310182515980694342666127193251518679472208971713322939884749094884082145770850401930207439449674330488372753096655409501158771602184528428
370 691125625383752148594495132702531753616738495781104402815939521859912670766464478269432458509142767216199940322210246585599207237985141699461800652120743262408961158422104899296581025565516577237344327594230732
371 2718591279513060839332217758182732595429402770962079042880458521167418378939193219818078831505839824681476604041260469379058305813137696680796790057753799134197139601669483560460838636871090757288877610385972194
372 10584410825190187285099391425450592530085161969797988740642288781692739199130941368406936042478799025293940887807384114941038718463366806342450891251650407743112422204256430376667304001515926405980228690411389508
373 41636947091728796812582837896968743374987081280834765929601247070485498364415161904424177137080718617744543246020231159240108700641096009793791845806323290253328790248625070764749162716110873694170703889111315684
374 162143169822940192824780948832515854509493023167608589766360036111469401593303546068379317236066505914731801160902227349495919914483358143498896471676244605084228980440906609023768991936018770967628046172528010588
375 637903801656848959198107841478992273702550426947900064631349551821379290851988522458159967201045013181025452762053855533258169392604902848589728086111451465033886738693679157005696623349406845851928975632603947038
376 2484191985315384085286800484105971323316930109638183068352233209310729015154822044232634738305727278994202915510445728269144199352736877282701060019318173786816127261880100041071274305344256729059794159458234636514
377 9773862491533924677974603376573924123196710063970705659962653332696977083963678147853965503868488220467285310593020430282914878664015199517404846502383558910110557658313115897276318473354168867251701178597880409904
378 38070876952538621191604742692462519138278536386550008610786670628539282756435022077874194081415949181822819164381557667220882520600581807551286200309085270316743554829665875655205425217120955231296030726203354425790
379 149802053915383080478513695251712290238977760472348141389844761882319985552215436158075867575193639952085824434636387684905599931781917207705956331466714894844084396502346652647163670698328164754005795249874703154270
380 583518774394439164790398764173755312836957086142778752087763375715168199666011019609488859718786590056501949299125429234806128596946860721753922451204808558683667089667313113696372641385037562172459681154444931156876
381 2296169487213894441480002519487290619691712078136164650016953392018344226806462976822815481209751792625032085342360871809175927230368431009364983361991037813644151621934549044341227293309745319388286973069321214741688
382 8946116338229213403448226941443767269064291323717982741916883682295151885831304407539599599542700404396717900361869399048419165928848274256952218746972341732970700861770669865896717781742549058185601179601228286950761
383 35206780873333852191091114722794301680847823596778981270052572337860575812459571353586559238542643701264456101171476908060220435160460965186503646685641508688007464779149375608908388724675472495039719926938783435226661
384 137172329619552961794265875140714458117174450499836249512348576568890145357899316057974828042289333926674884351166059861278803494013329186085713894758740935938807339069746212883810178765014609531864251748468238062811322
385 539860848591282919381726284082094326550004856756926064737390022516745494777431214986746685427414667135039513185452386985124602191858095826685333980358941276505171573875468406493099058785606817686422756033697394937622357
386 2103852607477975393311578695543269936939597721748824531684062150831775609835891953380668605839006504290233185733430206886696482163437978059266921614178252524807854522653037207455309559963346330085917660752976536246145271
387 8280810007994255966881847913488063313984907926582085740549625962293632030165355802351734214752460661957751538947985885674523805743357025563794547662942498239200273140499024391129879512685904212466668758490436753002578529
388 32271275816456511317512188342899369478233414644025783212516443142101288758230592265814900114586988475377026893295849321792480280020004609328954130032434265089634031641539162254851220328805783881732602280903719556068262596
389 127027251428831301227626364244099703609492731030654496163970401310183969486162159077773566424929764434866712748843946773324911477740049569711196233417722553556172556278482115972684420622508476160564541230768599389193511454
390 495142747177610442932804362587659877681198635190945780012496893556328833531261054883124486643688422507952875456771645676457920799878891857695016497529745948371783154976265225608552359569583765216475628122181894608912896778
391 1949181461732087576748161488382848045974359547366146768266624460101503541338867979413112683963664927026690517108501568612276339039526691471387416216024138826395978737747582651296168288783728717436084214144086034768480566981
392 7597922058806672933752505731642906623573010085146896040602926198433784364794117835701378824038176523041908154204445322967844975343534417924110448712141866800430245898377741500028953491580901000213843684016191350493650211781
393 29911575642308439971284102228680126883147465916609525649451031496802287290592857214472746090866579640534883765647587520723353538744128872332465027232823920817681231233291490050359556255511162687640943124831127518346187154452
394 116619664554705522764491363798922974712989024886045730801848819254871014623455627109237379916113976465176317190725264721093844511250651558623354038277849108699217327018358274763600238357906830621030493928079461312260964177401
395 459152410356950713134653001515306750722201144025929978791093150969853331189583992580625031824638927445537822818226717553007635815537102088833323553784729520840540720437367727501403083322926774954641779820756122548097403059723
396 1790187903356242702355543219711612119620606300066025067929272903165087380935115531772990823912868144220995923203985752015792857421929797951208644031910679368304542559549338041325896039222935852815782053276972721320014748723009
397 7048651315736591394181527175418381081370030913247322909034137098099275875147143218439898336100638229059092625961893134836164742240892572675736215820068536775371353013374127241993574602340490772482064418344974505151869159903743
398 27487476725183157090733812367258305967855730103184007770480895365790695829251239862708088463168079139396582015492299216252871132699393008022844899798125032649592773735022934573044506374516061102081928594160261680604932490828318
399 108238528125168189611700109294524150446870215033395782449052572589275942266020292733239578868005401583759137465593935423578775564006665758724276654404027758787720083450562326331181767924767615560205614986196557432618761648724186
400 422103791933818251502563073661266537608404971153027790137860080924434359696273731888700677460100925235489995793071648902252781089687390830489779060378541105589779474657564999327127393221332110317115441685104833189829346883050058
401 1662218001928707496108538829063071630345189983011233386430887862308639222281187817004709984009321019712240707363821568139695861250704430985682444342556758006543045580601397748296980955498041878223562966474092980404565449121069526
402 6483540754465905578598482568695157170069353978941668574844104096446308140646781101699854784187909180822533856669378397961269682930683841980364162048192247249448257326061656818913798202866730739057738173262293705378264048616884464
403 25534075995526181657870838102709673102473370915999707656736260171877555683706221087444276717730955356023955725413652078576053778976197143339744437847049138447944264475191067442910542357638291820705669097306888609948732675376883869
404 99598584273705565652594888595394121558950096307612190898264299043927244973721397061983345392015150144741759033889361159956872259903639355047880955324443273454412445490945057944935488276671549064819901685243773842014281328810694910
405 392267691246668331264283512890234725687069317270976315413737701431455584239889711088754393506824750722817720018550002561636937687510193310134076010529539998744076808589593430210228615348083334492769216952612095043773493179425792990
406 1530381414093793100067901438621941754425765714080385153345176910937258129346891892108292929986589422595594446856916810231475797078901560636572696024279861783674521358575507233582408268952470239809101387292613817370876226683320206778
407 6027916665895443274903310935752507809118393917063699370965146127391780901422877471168690308990197073917250617118534857535284733161947830193972607759827662162349856229608988398895856661565942569250320150973120457544319318280525379769
408 23517569158511064946538305507444171163038069310445608367545016735585883182243931168454609737676147854644473913106118921229193975399389185487816059734616050782726153406564367599487232052112491963004430278192518993838152942036666505383
409 92636231672362588400911312548639160277138492413113525816026674080747247599734987222142774056745384011241603162651249955850440685778318294213850317101358243428809680495415859022117664697081535406062513028368032169405503230221808940592
410 361484743367885069644287628795148111188592980015175783072074588781770323341677339769872644040293229860911062923826826883784725456152570120898776250145054845365844822982977591345199706754682821952672669453748058489893586298473460292837
411 1424020363912012677297602288461152565191120925914371843781361328511348173725734427934089125343112316872074055540937026479412780578035529019598655170896330001346142440628272550329732810197247446869972110800000670000632984013435315976869
412 5556912292679513403407827565002544634693142175736380385193557806938889349637776507860083152961190018128280614779903241385970586086827046065483265853968053198949816776898330060183765880056412757533313777056314665605456028609712590270154
413 21891746951303518515549174691872068946729025254390960273349659866570143626273816645915678386879393093272660209002979745356673475516861805731308746313042944974677275582672001900034208109962938394838894409143944499330539349066163258455648
414 85443513815574695799002112550848729825525889211704707804761994621035328357643625477762904534075124979778924727227645493148243406505840301357850624178646774017312256101308269056113689538129947936762639390091721281153507767273096969089752
415 336637760565597203612036942380524293902832913947951726630375882841986152228544807344096822885838478817590034058379928309280235178439945394870406479160771714948964100456504871930751544328095117986075965094589916732202898331286397788902670
416 1313920570173706858079683355771298750189722797352572852272829289428867642993317312729027393876527161648160925379680030722036689289441201837308122800667222304602565055921426343552690875236822636231824087774708867952869293539863737801290152
417 5176937836658609765053872441204710529873535256303137257176339050018740418948495388013462665125124113772340159734481341358100202542000098692998312577649774830797080088493016896794329803390560902035025674411890213385020100917225321224978598
418 20209724738364230086524452909217442413275411231872720217629861764315080108671117110157611823347090782925349865989520909971395959742218298403830442267541683046009369584397401196468352980088755040677611675996367892574542473223927485420723482
419 79634400695185572304264962592622491777276000016341147843176335604373096779282909542872620851736639207397437599265645272128383428625152977363624366536683255619487510981178647322719447759012041837508827335748270448716241472130061482912498908
420 310882288937479052279245251465698990217031879486791948916876103318433140382503030475714102784473272239339273012619012659916802178480528921113400784029039843378799825371952080272195609545360737593983587086030530675962802740392702252679427710
421 1225056689195456203434001160437425498950797449448580273343266801179068544306598188886478649170385633607611762465723592040663576793601621861066724561026208836971932129079707195232384703021037612189695059367456627232771299329410885061879014572
422 4783327449482103765728052444327908433415695599077304692855253809685004253323359223473653738941813704992036635061135257061927483027665454476327659586272481146072615985585378747603540303661203657508753693218754241066452508944088037645028797922
423 18850631486678839771757466435589887090957331211848078450171737540432745525045512261475089688570925301129195222504101126564936647902551915930604940174464718077296787508033271059571418114020439296128199651262862029365097369608473248384595183066
424 73604947851212746688841937190234430378330032057988330102145493704563118945542588105760831725892005869665720086635530044846162264599130021750361621644050651654870151970545681183686148022181562535256140105801718381050875634106718816035836221728
425 290082926417273968797360272551736051631984966625172176023669551424875930228190220006880962338487588999835003910473593443917267163728582771398456196204356471174314587629190548420352816359725100496112054601146437408781169225313308949249665113204
426 1132874358925820879600004555106430901701056221003928146982601652691898643468419517312142655777367170764282432110076365341029505397258849432873801066391605565946825119556330396391234595204945918579056560574493566665723237270672058905351061981916
427 4465109678387705509380211872195843406443496668553093821851761520166595442424351790108594613409826914098288445009001990873978142840852399098813980671279567957004231983646933834721610069794692319694074067995838631181170112205548187471197558056390
428 17438096718167609657093857244456716695066626370470037663673938913518311501529293665524383447524404948599850267316413861663351790117149187251742648971191769975283803666272928844890652849649416372457342194454587727296152835748001318670372456892182
429 68733525070749909302844536912615619678448633123883317406643893328566543492380425790667445101876570307771829339965896480391037512274730096697467937308802096022236265271674955686394100693298700735131511309590146390395995485951210018117491271537622
430 268479863152944004669259752255268183576511875921252248111253464180315062029154697029413090349334718536696404124789675041234168025483149974337656361557158749710052734301934360845786181896099542222280052317517366939502182484303027940206704548169442
431 1058316685518684038344818516983548636451918651484922124870148864999328416508056764915470329238189613919223302719515225198807514450343569898178607994512509419020515037485743638106936606206781930503083012469510453030053872837365678330804434839799608
432 4133952978174413426624378586079104703972591987978513265750986623998986636175844814849625528912547100800184056551317151298627547249500728973771424535148614404761585251477565168114015564986864720779483576812425185309795371098707481228935819994726710
433 16296266707838852291280263169758684214121476390443999043710355448432266422562710028378502933998327971881293967730727838290000753084800965954207283951368254724018005926369820685431866714844796783661769959407173701785891680720618472664230147450552768
434 63666946163844734331765553203911879820012315711219465770096065528335145884873088553119936240139209086731935986350678979204992132217676772724792292640335355984366130441333383609339032277545894188238583400186856295525700607576089337049504574356882274
435 250998235879287595437851257106016678380619950957814482030986711362783311856411000096426324847556166393567417170494570863397210541983796282688268657676295225382542781860366858865947717202389065050638408090904160635152883312655648844347417876730403894
436 980626343466925287100099811337669174981367725201667343452320909942336221851381049552829036363402919206298677935184319622212182749472403623343717324451372781351742109819675631134744225914664012020353269899064353741644002435077823951252788526408835120
437 3866149780414849161563644492631939631979624778890553782957637300394169468952497792452364490246148663067480387360683288341729201895783935261229188555739551109272952803290351449843627026326232846468805182346973675126648298171377683586480246351205200840
438 15107245892592171074546842232275459070400849607961886741298880305439061300260524725362755754342913366571490617204597658766091371233180595751667542150808615386739348487616444420806105826914216386092425680543133548976647600160874275217830861391092331700
439 59565346071902560442289342357200854754008431605939276650120523478717271003002168108708163285125821250119456650478303415884647070448112190117007298577138862532306224457971578840163907990905642373083114565297918147256354945069953848423194509096907810312
440 232759122763596983807493845072592937043446841148786879822425727867868100658494757961978621279889981686438119961205549203866896763073646147481414740047557814642059583576267827523983814023469728659242267258237429975123509428691762812735476495616006437548
441 917768366636238641937739243826281470013398123896686824105628106551720345357199796741031696981177053505931195541999565447419141806374658983371616177416337059411969759280683929555772652814353347826767892318992381668208290930608678475587220344695698833408
442 3586903622852132453619456870893496044559029737760835506824963730278085860885380370820761063001635410248424215415213609228335293867566016681413311935015666032891237968102329722268752891898427726921631858493292801826552142680355856803654105133005977815976
443 14144220280073628469802405485367254305752106725760927090562173209633883360584121743294348952594121630618722577652396686619252408786420960606653009954783099982893159881971533701651760857438385918925746377411008095426502517430073642120902535476788022596656
444 55280535012724413544185057774843691022251913526831768907297723865608461461025909728585452275612248541140394369705596422571709876860957989538193615451009304119406390568519258326849224665520851724160175341943954993324468691695457491515117132482642246214888
445 217996415128582136551717033876443962535459780898942706485571152360406286807658202260127420370676476815939859444235633033921607448692556817351848457637254775132120564619557227589394573560237983155929691094832466765643963429914466396123861405453240574946508
446 852146064777141489654474698421011407937434577606154277929552869639873733109480507233682599349094197813407965600114909381710960854266597245010172870165023266389957267359948684249257080934443597545097839507493365511269219458137753274564027461727881923330363
447 3360650360627727924034734202929924528837448130080520262433330622350065519189114027494956480458128526273888184165281137195205823491402990652022282572922595376686986656906590512700804465716901356571863238291748928614196356810725731290411676762177245438842416
448 13136936449576731062545352320703748207972714225848066995832254345861397298417642815948603550088448713666342341780714768485976894028726135666676142414291190503991021970007616918650475487667385903905826787373019175623209114676444120194353050174377470560217529
449 51810855041039356340189080214507914062894515160090399890903886723255007674999041269630459050914499453625083156654611469230137501087064614540254121142824526607071506112845350272673229155884493778547758115204908132368331761765620428474907757801937553789299844
450 202564284417879829244739732144454539149826269797320404655979175105142691197366320974544643473739136836395046901094645996304304757268900918836677183007150498480142174669073893850259269439134876984742212552290992629610002164910201099160742744942525350558931229
451 798953333157906183016450386107618195914749962080554945607860843615227969157061025643390426245090698615831314547227671160581086167690742207219637672550576444093873352672185344165122919319436064888805807019749216999846029084548192234015328697160580515243679554
452 3123703439933306033452444516404205552989193942214364224253203877299743109134541765885917339149341535082570245446514226448746588904412505412795882853836483522205458230518827528540083674777637209609235805971355804485386220668344898461487454222139805020711299160
453 12320987929741848894449408516359608018304532568528002428915143017732278093305086263139988679610254961535441625407763562869740419354377854974112397734425768559535136834287381058821985697957720232275145624948969961147845264290998498565687278302764913897106757142
454 48179599963203762632769867800665534354075745263945920416305977575848644963755880846293703686203572882031784875873209006451927542180352475110894023296267185477999850670224382534430751526882968292551357767458390142648888165728255209997117895641031932866355599554
455 190050961631607406562661591610385092627003452840454774829281734055215738066029550200534181410058477305053394242028816168633747077866338646972915453854625944842315275577960799617749184194578893522697924352160758836493773207790415231617738010274793650595551622867
456 743179084832124108189152140971663930808837219199044972028048577256422666595838240898195830493517962135248245717179070023129964748765423940910747509462307672531049473354757342691825599959384116032261304926541699533914137361638490948356248716345203009059638009175
457 2931683850145590318189176003935456074965267218798218032012962180216467798724534701524877433125710376150774003600279415703583362287901238912497056699006347401980637601859418821151075253871233435642513857489413648864205665589112942252581891109624977976495063483260
458 11465940543963628037145955276983092570680812394031267486474442574535480038763705215175128871932795168257167459319176254109504958822577218961650818351790909991836620651819997707798931997861128264846637529431161370813472271806979804921902939031673953666238889066947
459 45233917190834382255068037516274951383794252473877102111653775674782761724717610877338106870404182624743631835467090214382719005568220635272574087028258831996945585298873207920260104280836155627295289550181457567168922322776867695161805836802993505097587389162351
460 176914191636863514814616947875150896302171696286667684797548206181645695953338304635346550020757645356513664339444251670286686672569606023136359569008164140956840039583344898019410077972395177840789553664400160518467998994664843030100995982804886849383235013172034
461 697965231639384170650044354681925394184362490055242436102877173231256035212847317217248559021486861915777452374542466856734103229886372978109492292580674528154102575425471156707392803550509319345745743958872619344953134929880125724606561605309905602450079513722430
462 2730231512266684718073674623983002800171695569080300370516782743203298991383690559522422977279639226058221871117821995661031007987880419230678037300679145953238100308027488166957294492158060356692790814752953846065584971046787858628076363049894906704748828537322924
463 10772109548178570980249789101976596178243512923423313227709129338957640796716329028322420421303049673767938513234924017020090082699834411936422750209299999724396011129785618824017025842276014698309659453217335478345845120774433490429754797579809824476603878108955708
464 42137803483943643307220017064689741372570436269739136467425513516865788718664513079445969122234351735224982553027609501556260685441852241663763588077692308872830705194744947564706873257155545252993061829951431273824387218855931030251063268109541313198728757701218234
465 166260616397796926250889368923967985949852509126476876210557470558201739166636567494642756815769807450128526147357543636570045808843148838865536073004089488498127307696643234463180549325271145688569377764666202138728335380864444047077446578395843708536090807687792452
466 650470542019565524725798933548439132273798348444375264050780702617559297139766162940661244400872304665413252186575768723974780890638202206797299629292906652002942215143578624085695027718097730904142902483936592924118009699500809141565966436687002189995333957587030864
467 2566699526103274791649331323585412555376585286184418682304896839803731686965680307819566523133687314873959145933496735079811713378427771606346692055231641242765635403278317748272320349910447305142641427405899288422289411498896949022601990823370044265040762810641147472
468 10041969654715193609967664510424370959399104579606534964896919410427802356134523001696549683197987626120039302858520100624876231642696388871815797494388094772038739701157535928472581890459273911538127132536102187050801011188847092044713309074240802838315134966213714136
469 39626193170716144097871062180282786777078783061631247946012378499168608209501892940626693872044568194411703553712469951375935054830316075190644685918087223028041931805192592650963040466844695915769198738671447861202943334846898227740368781152225081593131616880561577064
470 155057026393100741859146566706537149139989704554027304678016929691496344525540945924706173120606268681838169530880722997257870676227028551131262737683124202909921386054998249630358107679926586326380926619076225609812854693212021488722460800279593901581701624751048593682
471 611905189758449546833866719662325876505544690230300519969074607883510369111880230213273224320718041660866454176403390018445463166954224488183763597134372249882048640011624416083421390215677526128117239785004442066773031669967529279083434096942797867487518355874210281646
472 2394409315697775877542978068091136455906761455424242997353900293051594996812478870348790230961644042622920784788672906181192909141283159457914653818147085210810542389694625943303697168091682813081474297760645720265315362805554704328709033162382194289053080960524260296722
473 9449454670637783536848016028966657820147320690099696742788722399935823410135188680982084383623321499040065685784098952214419358023944779628752777287266301327615253687067406500516703424601813929516226864128395870780282666878010680234185372624080457237840961309219322507788
474 36981636004940572988780355703363746470045613240113329861166708534898632991293944828605465955280609049710976593179539073769755385439576678439358917219632089804780011758832972535011057993355620860611948120355606392887905946956548972723828797321142461595145961198637762870822
475 145956503905304619733784467203745278469483260615728062017693203795116003271740715921150013468985004459643686622049621346913708515198958935520314415577351173435610401574043861293922068214748727700154208808439825041690293224063025280796131077460376953865496321381827950839494
476 571226240344021380053942550259928746824029914622284081520035145418521562338197250069900236030066746577396645238052866040199626994382851896878307014772131512718779267139531410761038310947691407910648912880949652217273435800357557462663656838942916148156588931532337413613762
477 2254555843953944709135813324381629547911542000616598625527655035008352507492011105149884679377118607294252467354710055919034898191858213580709656733140857736720025194933770763289598532223012529464623158907076905243802904041702769479064225368439006908358657436874364490317058
478 8824884733421841056707220971106181361196165567797094047303844198492966997264340513757280124109723327866847675233442932209869630910788410018909253498064020478903104251415909128104536894092873718612923368146158125727608998190512337357342386393715862923350215788142137864119995
479 34832948820708535497172235100155914526445709515556101058897538245097428550786908664506814880816259548262806787005632143981943577363224811587143368026259931305853507595084292198090278487204128010473799241321410617612995824449957194845359681505750621379220819683579997333287643
480 136346243350595857700137054468538667740340829158311027204729535380613690550697192074173887324322251090848521959465492264217782804254563236572013150831410142982277314280378108601416254375424076628021236665584819848158530316673955311048604583847033998654918099129093626418206469
481 538194841803328345783025829141394597572119930790663355242046124545277371427161823469486754494092448739836208905529961595484628513849590982636868054099158766674247946884546637793641621182256816460551969969878814228302805180349223853905313168906564058611340875133025603177310706
482 2106957300164823383162700796982219766148990275962482985707045266268701077075324127530349646495465598186740876285565107982969840420977990289013544523421732684511386120852465172964598873381586832988948528861464569813933328018899698519535532718082423781913186705347022520407727925
483 8317258557150887768461534941665621542869170461502676470966559399444566719051884713406552066062511443850668714879087687532231861337649781218743886878171971583329586834869660146225110033675467180595865111683078346888586668889713454564455449954450492590400358487706323987001673500
484 32561279884566584114144125372380454556024397805050340897217788619986228363532988686402448714236331221963566183730983189545448080917381262021095990957388573335593703131404388633857255305869799790695100318624770336372677507289832224901684549177893658228278130752284534490777058774
485 128540785786959449413316305852998102692030102145249387537320147853518282648793978261060047710667768796808662154790756494153726978718845565545401287328994797004131713124138045981609454774583147387915831339724740429701822599139395231649144318522562398420617998597117660061287183418
486 503296311403325135265609827946020032946264840864644392030732701033646431400298895706050654780435703756151599299540192009050438738912966951727988045432469705197010433681935360434145018534049394521858995892570701988702175145633608712338957024423711249323779976491421410148891548208
487 1986967371135224750959282020201959876708476747772421662472204306901829002754163603533180157108118501866078726622561043079662436475302205096401163294886899699692235859575443772724771014157308152053144563373987243759194736568858699492283569889575753475305139960096886304961782676506
488 7779974370256059207030268773828129807693176926929359474631875720512658332156651420716203840374317178665238452024015532070388166016497300580145884993066265043777992810709036121224536447545783985968840354094496567861218758249665888135068533688771706895596004485972144614000232285082
489 30715657731734163023054978203305700104296271459163606328860997674620973971187475374438665489830361726815589852287055672846951143970954664340274333356745114707099865511019519852093624203751705352875202750108580694984722558597672146288254287226484337881153117367472310983361146804584
490 120284229851725114203726315818622836257579244424473255410348467618679682502301626007370331146200527376984397457513197785944567308857687297888673104424873314290775721480976714558502062916905214141920604979789280823132346124443501771315329225696405826255861042335667320511493788964834
491 474916892024012300167524096796071060889146867667985685950980507100278659627484985471425969748928410927664333353931244831442016263044333401862603813343367091040946605526405578659740547874805998301620970593409962519599955153188534437316753545646855634229312560204920076166631131366545
492 1859821566301177720824040243092360229120886682110938312986129086601847312186005852572764710861460471384366047650626587270004649763656681319706226264377912651335001173379427300568165623857277898900388347901830496241783767996927283439405973517257732366660752684626133803783078738784593
493 7343358546049549443139389650038069186177576670375006797801582778397003787808193736270532076522290666253512959689868500983158257092993165657996674527217106796716810938917269394365698915529499317575671128918471275161684262879009229833777062988222581794662691237992063285753970620324410
494 28761280163448664852455747430798490364027935285991377841977491893362585219039946601948868523462190678926918731982495197652127708717792945239857814243635229442577223930437843868135981774744740958341264611795357266115037080369064956658761041848276680251925362907467829541753329221487502
495 113568624176000261738819835223458914669122946547350660859327798596216811428063801850437581931178794231841653851423910333329876891678072651441028776743422632592710931058842528306351515894941663055961411274165190550627602485100249879057005326310647897325210451652163695501223658223560590
496 444811737495107930789969822401086528979470033982286483179880638705235753422499712596599168624777092690373098371714442009218269919937924155768131835976707452403403813085152574109640379526468037569062730668435181734012528311245599877180819415878488604024678233084313365118640499063242510
497 1756469409692923825272264434256093262943834862495219792042451021306740965086971509290989113625084335072995614543948302410100609823814993123158765154945827500814801417713679671303509017668779883542662493535702105096673159025437155022541933838618555692772359661204178348947450820716644700
498 6880471765485782620308443772296872475748652050804131765493451752779233551007882826591116833284056436566812569084002645351299899728416347410889793587702267567711583510186797054599986261645388616102947958234535407904161287806617503935594741286166176867965546147770186551294511965598293595
499 27171214528353640064629953561782802417193367163161625292049040554043171978158261303789511886569924106278492187209751874401742506677874476328969915568880807162854685558569051888387837786390943109084761306423437275337803036166057746476402045294885752008474548806211452619033783256020621176
500 106436659282071078402549890066628134208104899171068171115233430146838429885009789998078794299574616922794285767621398603238076636733896700707982027886177665410653968575104841604975059933209749639611581249377179886942322164812270961764579410749750874602881830599302724069995051366273736594
501 420335571133981698982467197332336458958932293944118578786765887782700891380165685984762310638827306428456519789770711167564986702168333426681504209887590049632709635616588315163007369749552298707318720325034188923910051343431753241031929848192461237818135135603558551561381036023031586124
502 1646783420246531530676201305228556217291712720450096231035524680595999363063686603005874020734781405936783540556772708301476637591142993095461051311712207717639963774780635519395136565359577511856700945933353239685154642737903331482605392425842603911762754185386997937639866989888569949851
503 6503802131535186361500145236592840236381721143883072445338278500999188894425609077492177802329902045268181309632634146446693301886836383378957152503622023195927944000520699717376972528583958189025614495962397222882680272047332037195336926283108171946503688908785964783862238119140809436155
504 25480727848073681774237347681313951106605667460704717123176743326125634675388141744425995652580534032531443512284262361771679626608210639126051087264680859977509376297119783842323715298232808544428519195651392582237838509024595247550651590380723503090839650004144774074390555604639973277848
505 100636707438657060594511429857402663562999595784485834222400039312988920760147996351780806736881741054488606242739862482026692364601670505694279519002989740221384484450290966636848017965379214403975574686900755150912004223409661313670996697652607021286089211733522774809659303980014453671593
506 394329268412607195792669427563113516578219729659214487963025031532115899273914155804340413765842889962343431863072212298967485182034831766277861910131989690383908941725231431333321818092217194921273651358387417958986200647218659165363433720648051300404282118292962657115652121127877798520251
507 1557504528582500558533491590376118545885111268631589828294339727622619986643436996682636104029259420015736065381415601934280111031430030981671754036684903885991209167254574869137168534713884171960073158341562701576886407988088979157263042418241074998213790256706445754643935384862985035306686
508 6102899640161245159577015650676117312793252791067021790483224467912688960038543684979352431711591634526341516604019028901497361333632502594441266183208546682017037795409181481303775948931161119263840160845957897171648509872258578100502445996188178308553870578010868653141439760990838873855896
509 24105723280703945769244351043015009860770480891338116520350199925197013962681346417452131815367754311147485944634687274400954759424959103897930555673163921902982757127560870103659565464394194072626601138421672201692730622268130955498495140231620144337076103954589597804314845084298967686897531
510 94467770158123355603067469819187569919514089726628845912388970185733600467641538694928599798286144492217501867377750765293952413722082493642329302185187555336097578598526625766823450741362124328050819467407173329525876974047501258012690918593698597499103428180469192683203694724470139820595516
511 373158029626880539749805963125989976089166413691401919494393653987131298929522853063576690994650422262759966423542954776844384606170118582799062889971980962406536911055469749923041721387255005070830933520865140334797324730917213747862811871524351774204118690078880331620927211630687936313027424
512 1462380016765816676684995703929936685331879246384532262679519677054844662948287965037448233772874623336322333042646899355278118405304329047316308732505298400666506313209328705901024103481943676296628163952495991943492349183949554531355398877140331117849837251569264097403060052948986645754109458
513 5776738434428356240675200593839750205971305012611929142104007546733870381761988458744165423818890911587124215220263267815510185139183833717491484483125024006227448154290442565880444891698748882498737179919809910818726326155247920784069397330722845402359077280476451275054280571406911337593626749
514 22641578003823007633997538270432981761049365603581812649231294932243811516739725574436495704943014202923186722320523452315778154052114573092813788820202065952227755521390993706995082678872731514617224428785953257747826537742803429233638785117498961682380160273305933060857907439433755104051213367
515 89444603805647154496205464178049776510127031765717679674466467143008602095617962056498636995424122760129437888374234385054255688654627368136978956264349300206766886389847748585451664585457104496623428213744236673405086248591110767578384967636002723545864658768392040033629770664921601740828582173
516 350576048473829577908139641598654154746152497578328636842376286275824221492227896860560666725818130205950094186900105660130151681919550311246711674642079472666321381594807159370493026814395049769323091596803585155336094782628364171159969859714285358084162234458063664001433814521910061776125806814
517 1384978126575668314863216803177489170010668349985375188312113563969289424909601745766077506079967664681074920035031941253067965377279192437764214565474833004439352634627087234493993139684665304692126066792049825161660252156552998365527903459900807128596390070966625886555311942370497364188993280243
518 5429077929296891182408412743938996303209441150652296297047224366385510474008185660572615526920137209146793643052821889079882254140033730734345858220643900324369826708817304551951051010277313637554695631825039983382992026466791071804004580031059855433678872789935408204120179123560925242732552920855
519 21449206452408522300486369588804854431465041854487000054020113279012793618445214949038482293681661921282326330112628905355683140622078033503592745250119604020755700234860769671240208766418725592227574081028174073174752426978733086808739149431673647104983043848650623235292121828238112521340127310603
520 84081052914749303400228006333619299059306543853361890849601030630034678468224146956184108686745845253614425132628517521449741657721759035939319699983706475857880528450509417954528773495105588251664218411516244771379099896057932605839715021248132992845933538696485190920313162068175892851827856289522
521 332197395559644094339812454318027442615077012310082177225560437729994271854340252027575780438556633559771997378060373849054308107036627883006676052321779318014855401919307105148005842157352527620155469721871860430075303820757432338877459261326086965007885772071350408499115868722214638484374864314495
522 1302381257567196318556652217616833265771845401643894070790101516218843128700808211829356580242102923031165378234188980342178979246864879708345498443556625794889961706544403839691254373797140478607580667236284102101536681592090107357652126495966989675000752963406159747928815136782825370425381684075681
523 5145890131135277564640902427732531862346602700584548746033626258437403627152354948174501708043743469569182558510014702729255457958145554280483503166226926151236485725367895308580330326021388706224737090956081344076157713369368712946066725259085435038678208912247391311092356637315712150492830439841675
524 20174664261156475485155739727045732333262616566479675913357200785642066027877323975252074058637617276621819023195107094341481530826360196439797990962859833727268923375269718303779339978138974198561068329605431462618349470028448959348016385505718035608546819726022784576716168697266570659544217120364616
525 79715267001203180756660318520551762525351830045904129392243165003360416169974316705916934851050822658421943878256890228030608820929881949728294610288957608119299510678166139458301494519169765974239155941223202359779460290891838207913160927920293843117276560978609256896028657729989865614125676281761348
526 312565422344398257300327258023612353479153437559457618963670185922131563251477779137465900604396491209450565506177401724222072863803992442330424851405063004255149181367452688172877776609994311930950279185816540935712530576928002590811882833523454023677564822598286383299391143767294685125867231512497146
527 1235093758485904879071278487724181971965557093164051565815100480196941690354555803622181782027614947918187665628325261079061310833130124025723392851329430935457714234877793659518530405030915623688528592847981187737685598241275943961188982726693149597945206353034301620816183639089302777225617593302912332
528 4842871159874999017522566100469414150436706378861081420745685110290523524650944702544029115339500511963990455466935322107867431091390127271932575582406373578436756401298719346941493713072670886412129018351278395710122398172841511059887891153182188497258804610861956987025417805857989151757982971406618286
529 19137026192807213781977279325171800667328132757577394485495361132880492731473109779686656831252394753894670403928533626172302174804934485452108048916197143430050390348486563574034847426147448708448020023186217238390716129005638035225600187011880167140416385623323998428364121799711167959343634562488530444
530 75046599631709013978758859275969085834767728796377530970900995168480446294992970814962863326569153080034972909387055327916508981549398179200338638406770321536469001484677714357955491285831719186462883696323031912284239509238975951535447671830752717691447252206988063179903012063302906226872524257778301537
531 296569294359553422873763920608588895190394186883392402225461127928368751998894151084989226626478091472906688063761921442799680964885461236956487355280975691052515975143047240764812006412691610462864076512347185620917489459659594703160844156292160838356652814999038848416080646908387678991502708360936078131
532 1163018058168846169529457286790986376635276160930498017071414912659637473818633359046029982586206136335069087024254233504603835810016643216860440494070272037984011804014939320518003181538744183107379224129639236148635039842846709429064129606100741770503047261709974323384803095871478339007112166091113325228
533 4596148608161994428488848498613338309705128904319123674197884136405022348341494975933082661136962516685487469277270402806415985842591697223460568130109599761917983541418460789935139867344813238223760890941163152226780903144936724799931273878324016556821956839394213100090555279443234357546890210890567593004
534 18026298518163771387406446492948264026945320809544759057878462784760605815836760013694307399996018152882821707933258867232124559189562498626315164955017907548026077776199797928582784084870693188579311263688076870018577232904890215549398058585537908097589730437401150838561442211509021246380692116059954050109
535 71242199691089732422035892576279544976688323878119678274779967008488684649428646519192778807594695896705875755172903324693983428065982746989154650449288116368179851256940372116959613027590934390741294295019016010539412969744231823904220850867875023426723707787557798547471106298089717635156428997242917354610
536 279417238229601335625154764256818227223874560495498776617148528733348938728529191809754094509459829823415932263747634962570733064283166281206514990620619934589031407492122367699470090844384861240470227419571708818122420376202044722246784250690025023951272604857935542711393209482205130511762213460417627919155
537 1104323029870444608374586004970190778243393481250162671589623579823746259942841471864158024292727687681939904842126736868402826546529301694127737819192135062065601688283630307330441342597044565436205833800318570897258713738710576200809300561304322219456005100749488196343203299297302501905339102686716052867537
538 4331757911392730310353526380833754504433564060259954956913912957013194501732564747997157648647412684217205899661277420351945381561603041828371354413575293278397665409346150156576915762297309891531026668243910849580058058265195834845762165469548575045453166779805974507637828105464028350674910645110673053083182
539 17121038146214324907318318339481777743963243147231858595572317952024990843549274643226635826917863729355797477111131731456017323289260468877437298010744657700869324129206050157571620780020615638557519681230986060904827791808790966338582742125371877716171290602105337942899621836114365615615067479453667899211191
540 67158603501930008370249414868073824761673006137635770928202953491368229026798428871112144206918321418264100580552211536751788329631179769270972109392623354217926249515979083251516855466213339638609464528767398516819806253379979096651363665261654739335037005701404515743948564995251640967699762385676243312190802
541 265448115505740550776789337362872780529379349361905974060887072631854025659980562020407970592400071262074442470549585493442844889624031117789929400695470443236723394408825525844735809020822324030767797641192598796059965392287932851250974723326649617883000490677834759906478877273774590879389926785406399111277119
542 1041362902041591443370774199875831726480712319987288386084123123206049094487625784034668557805477585793014518254795353704134548886724435955320065787727990208472834959912969933329415253171977694592701477370447503138749126664045198529825388152376070259539954802680854749189071359131619196397501920948034306954822631
543 4116258394365950333208793274285867291759445718970875397848686300189054875112398373965944348277519430728468600201667196057249909449719715309852787053183093463080515482294091730437084362816891293473380249702361252332638694202217117967768254988766917072335408035745760966775928521191032412708764416043299162953711099
544 16148355225239450217918778368181145801977866301670017821969582287639640996413026834840278633227777918391526003852203083810149963785036848330645329165031546033973912302572303169128412676721453119000776858919313456519063715411208415615952247882150644563335762377837596174493962529256707800334271690824772268784101623
545 63832321598783263736138751919077797771688116564123274696124619038012525578184468015079242838063202469216449190010682097668416071644920380195123578146561544533889060143196113650003034798289830637443276592431484361982616935724435542942019545929417948900527690252824690130763568105230291264431979188282796016939232584
546 250447768746471872517959087818955137733923818946412266560428780652353746056889245373877357443190514067546518257814533353971561322125284872924105711659475084262341213827681567102060486104682523081855692747265550533414546632268271383653187192791643334327438197624127947979442740037095168664084055969821254246106598395
547 990038057163601533869682017495998007340330394972592766344922021814848904606636518544409797452130829865200721945242896431255403153697786016847294516286292738779805402648995375488399924291370861816148832671693576191628341550383127570056001926490849994303779564455004291843339310085694209129455648426116399464692323470
548 3884469926726123428312714247063901128627065071564736371837651853180248748111083309296405627886582595690750815705547416243885563580955842911402022026064117690577024570490448945519041555962726871439680342326452419863392227812579407626010496869811101426831127539844747558471463632466118946703243685653264621012565563222
549 15356003848483066434472543413922257101344478411554998063370512772178567951443613157704435339287843754029991137046281427404778625801274790042317712085855436066955516742065059510565057074942931654478340051305401655923009874366311419065172221923297958005605409661972991859078722260331110016678334460664748264819926577016
550 60257025490295006462324924713974709718909778374898528783191832251982673744820820525973421487160731137585570726794326021999760835934481952692489366145308863357078821055038924330244815981414548211101128501725846896660726289617918844285324651052886811851738738669499213423191265114082379732109892760623544705441332357890
551 238218825601181530201823411293750054933457227204575268380346746001752438294233406634932960519687637913966892583029581363219540167379561953518476983470913666000062606258978885662862166544884317795965542916449812093475524856545886598007496478488996562762436840024316660858637034916310497716693289760375893484536065885660
552 934778256880524091308393214116413201146160688653138489596412978683132686681385624031220040305604726747763958016608956940759285282194969836363670034882326005614591460537634574234375375503619138690295546201906765521502017565361961830022799155679977981952343821722075522202728184662538376563627763817196078335691983175150
553 3695629895757899564988559441957138597207861805611006566240737058443684935528451563244661419254112694720749717040808296706563236537415036227670284733071730796231052633546737084344269794781765343575858303435204732114288134980288275470610536982221648102074947783016799481604547399455738334757318528923187686389268227991494
554 14503424440794758791494641855860253657194900021438024206949174116120676145541147393589928462650348991495564997543999279664777829280149058259649403182608167497276899049389287647026981413971800593310137886692695765878254683414748657877962512787785359252609871465861520240378167118323709253879942199340288808572085764975870
555 57341917214806158117933890964200920549381494159422668102520028629710106014685424144150546868356142002577984366772551677599978434891406455781233288793275408303462019711768574591490292341320851843911388924468541968893689474903102990884545687056224310590526098615898736739754006161825462682812209683133790724813243241467863
556 225038833505917351065217602136747350262375673985460457158171715890062518938238152091764104251997188764862344032765975300341905518834528737761658729686819261175264193429013300363033758075356778298341302168326775324480707396122227933760751047850275123006681041987348853597545464045515433881116509380297901028611508002206913
557 889755148844408429643644351224689281112708281123380876958767029105427404895355637365165746343611324394933236282981228794855338370081754385098075179192809985412589000760343394313815270938035730242664397202388809434893287047268869941572426745453854518785778986312930406731295188049342965549285288956561942123476112617540422
558 3492240499256794188877575745732479310834918013732232746186515609603531621503800555294672832037889258249700084954795462996739768505024380394382426910035969031187925270674810374160068526379545258973449929852852015642739440800153881855919383722193278980439665211149573064443021464516599739716137906267138136193469787870531680
559 13808247303860994298937291617375752232732350814102127840714622982190438354298318973057597545188566196153541360316877169797886658738557557018249902860956966184741447260118182705318035960853838791896262406897598842685056334243799798388952553372693865708696453627643688724092228592583353112752694247456268206069090186213683314
560 54196979608942034414390762496877636518037255999677656144383094594469650377862958835005229690551379408933694957283019316003516777854555760816054642732896148022850795577886882058806031839057420250235857748322944181887927842699344088589450030091330034865602725067784753876942349464300104676736662149059099955649289589999472308
561 214299250320297696855376043401373713072061916543643908195181050421001590621962274834395878737168751468097721549006574236638689813380949466038928339115438373140617638408072933493862066807278453940268292360921627698506650073708159669336951259686787280848346014364537940759186334904878297711054431798745770060997037599384691830
562 841212139157706610117358866239884738050871226905515257287450786858581757276994345999987204226971528158656518132763084127589882574923880506137904945391134345519799540748095406214761752118027778322870313178201230482446765102574227541368131295237620867233582793306517804845839354050597163415743407199445798008692483575454841131
563 3326383533448121465525532847824670171644069000757739342123608841451799987712140573421576155524945175907962433476707744642106524660870983131458561839770276755268641236573398318818430720161215809221115506742922725321309374724185851029675997576526375501649971022323459100696538019897694117169728362844046593499039604603121460728
564 13057505744344733134641840691003166284852593562754507120219180842896438549476133810960935519188834917599061417005081810112069759495131982883625799019842093121178066761585783092920868856276019387090451698226768515875749849055455138253000470435386547008428647951027534404742817710739159690707864752347614201461843862816378657110
565 51634275598486440294793812479865027237110508787679157023641620768132745136999285750278879252398716806841658992604964761895558189387741819670586812864213480763012649673172345883334024770374257054655535839751187462562579442860640341792007121272451001960569005388144122192324405803073303121081360329479426190739464535730085184152
566 202709067846442598108652510174407790622244224393838115689530510642629990225346645578483005096231462028008555570811399448430052143414024979557648442630316254510749892374321050022257776869910824068106881311508321829440343558201020756156714942876159509324046151516137727102347070050210492937448951576745966378244007650925556789551
567 801626120696566391425970511519644242877532074175755177228023913154421825439441547260542634596594289076798584649546284496666314384007677464085289230770475217865145740964849566227433505210121324208023037487779579071321457129951761080458540191828827383489501560715579637522606559848578412515688701448579919368639443661907985070779
568 3147093849322512378551787802250343786628393667428629770774306890190972250107141802997721942501689642311147242301570486335695719728337827637979360143823363429625206604882769540936602819191331985366990259690855292508487856609187612533152036906646904996698545142344283252582545291262225109928735082560258322842278828723653494311756
569 12445696967537909162168389411627949913382305798029244598868908319518571331748128212599522413059230135685609985673454036783084030983844826147497325713154733555632124675915380740530820764554561947856476197691091018597662150672275202680067665625523800243805490361428429971315427783902083754935711694618231651304516406213681103891629
570 48865709565980597671105441012154711609140174732239399078212977261921759605051797340690617107605440299052338081803711633960121537945839088285229285394031354421384648373316723794674968426683941527521472989628125348566644292828214233245896493560829018950587336422073908348563800105608343080640501427321880798324449530560760547227399
571 193256635400742576115545227870171807161356882865189555391290463669769139874474040281858088698774851505459589420394367296216025542671175504678700199902117398909576566105574543828594031128566780275786661540908736336431866400644794324828849984285230935512929979100017101142168251849535114244230117033614750118533705100117593700325896
572 758791171856659074129748768406745302151680338583997600384216136283469807457385882308852219637529789726640555856926761692229608429168440753313606178465733637133646659929415367835306305404253512779090035471277104332874369661834406005343653391210268307239204320478141863699135470826809994667431319838508449809354715943945636790584738
573 3000980937550778157796277566781636624556235977287058420101315413464748568172055759770115694631430268694056588988430304976456030361254328862468044083162536597478586481706479027867151357076579193421827520727802030528304280720590166322583375766842163770814553863259521734279426283105123400158679194085149551777779544790111457898362819
574 11784119606785404121175098869519936301300134106054487101124645443089470670001207581071595106615906336141783380006673923946779576506228186952520274277687096649172816189527487896642832579755025377825972613208459542615142992193570716247552318119062851385547153221582727545630678083554968065559250836441087862769430711755815164958353425
575 46607778485158230414136047696759709523777728034372310114347673084445675653823099155289212520511369740658226675996329509474873480769149070191746874112467559783169557255993397740362869541577638597827309751156870841637033622329469715147491082046592545032968509373455810779863692495766586197998659884959801563654113896129822245739145412
576 183018468611886078176226590107257136392608305417986980716880582477978355680455277026084031483228879804042666548215665670845086571666804402877736178099934709883359408116768317309425254762047019405619266426282422535195285582577936869010700927272818594214009839097726553551598062325598333874714160687465169580141021199479940982028725765
577 723880245937276847480834500510730793055764529900100982933744877443026158295495454494980936320171485286368158901636934770512881936708552196805778665026680095148742716590280574987026161625435537291008187235854044322167964362264797963005919078710615041852378491918138384669209684441008925387607496534679914337859757930964667697093746568
578 2842819406323164079875950489579350389448171766714774895800665387764652382821468844502694262205602437183295642284093993740267474270958405186506303428818296742428170642036384721707421127478963751877655004395658527847842619891354990658292195510910399220066456155875564743755578508031661582647674842974392420220715913208238618958329447663
579 11244528232057645150074357662600396932442945508813631015256165758089906575922605418519054182404133255586721714282337487526271022125920430365809480995931906852979092539247046322519006634960824728467154701091270665793901607934487037249965051276291897023316430680042856024671200195330258677622980741298126180842204567398781803823769210116
580 44159741142902954421962132454703157414661342957544578133125275850859174587093965315162329018921715630897574094263399478970273283139260554526269689679747227186985564945609181617625467651898363570972447551439916432829140218614377387350563097256623410584069674662577041827585511768938915474674684374808295184841815032555704343785381993588
581 174674278239984150579964118366871011280114176973451714881487523724710918053818171892698250032723199424439730216843340059683507357146748298476478201464013228881795825580648687188431361850138400310561942526716677470479734282423694456791456088767008858149701694506984625667190182390057664958390737742240156548555380840616238908477921287156
582 686055392394042943672097957555547866719118416839951899730915936722759139645116508748512472421469881950966352182905640812989153049082501686198353365888974412975941194221636890579591287694912758561648550909477363698825751061559493434880202022720724942561460606014167913744604673415520841076873982027103887187507646019960357310499372921936
583 2713822298562744603769141521951372824644889557249252060233119683682593048896125685755211461218478341653165718638292948724684735129214854804504098412935639244471275629226567557950796734313474277781358214501275643868577533246615077838124793053105407302053166958934400050110691653124414771276605467619919554480336833529510075998302530341159
584 10658942205850156959219955674717576690041219110963297633232682508797116030579479060256029867895049468845103830914485147677162008700047466578494935302808214342594748100609798796680359113981510238511606694437802666545754224166284873076145945222678690739315174192631618348504482572703661839738699180747490158925672859151964822577417315547105
585 42164464807279994222433738480849866741591869143336523561082357673415936568695320220412862213220050001996737800633871051286633349224849169976320613194460671681941622122010337845345291562439597476763114513818517984895493167916030919382295935897168327414626193178037229108074308992685126878255541178081395400391349286475882496145384926578324
586 165624359851789985808479811738527221226783986954406727257923348074586328677913861799393513991838527236387025444833101096489232385459638848215806225734611316289246848941958699640798830107068679893638819799939463391427446797290223624911901276838507236022018243361341351414828728338984013944342452384757333947095380856623794245543620728455935
587 655203715084230347165578911163172752656954338576804098870092745274278761648044196639077139206233450582168494788254361071124446640222212867249500403881232984008395333918593160477741134042212283127405110881995184367710877682544831116340034449023391062603433713159105658706902106684032737835215928313205452609798486087655349277681227885084325
588 2573691948045673847671436919949636257556371378702292876497193121652731153314260336236357490196875174282833824528271009614140912663503129730546221980576824247873114353654554987987743429430221781889477623378546739652707278929267463356033512100260228622813433339685937436768941814723541407241359329739689813887581065781027909479622395881907088
589 10181666973107236105741573067604604738931745398984048609078921311131828666967782818818361031585727350391075965890545848324075660834872567313118907624180405410943642740359355800802680439982546528352499062505234361049609012657542725725364836858242227385293128048638174424381364507427872329723409956762221059426586996001476446604029321416451416
590 39998434419298986909176536820096347170647806877684363289255114079141579725779254183684135233886396478203606960005988582133313551136049043060234808029197000223864353242792098939272018591999206548713522196967655435436743860384689682506877964776286962021699041449427538720413698148380495740166226680553748021893748064362177696471290972534260236
591 158243039277351029877673954109653438641533077654382854807158187414485754824969226998471854064544185293707003892801126365532400514243460063821355831446961241689063152181882023959755419831818164714540433454400332489800125483091153983900256136122067171658586893170486759969506797900607755475080741556363444519056751269745662667974257636866495356
592 621657349624734985837638759678256202960550717811560658331913541367841801184636727237330736011083789216401028351801819043002153187109439329361450682642293982309012181164336182772043431098762196842002332943641276158536193643581424797453057971536081410856661982146367576049015562240973983244150368867613179341471852191466786586005301184336180226
593 2459476520637895530479800166411993241963992096637071378669817838693744497972175181831511282778510525158278400301146542795339738999980748957679076838985096700658925561838343848545744111746000847521103416750122345346556613423968799154902433060778956431266291857702515548187350968536645775946147126853794966204173292375668316525745459198939435010
594 9663023116382913447541062136648084062780741928783589265860581514809572192003273768956882130664085749409400450245112751207840647013185235840265987545215769308065498569474103129929035191826600527745499449825606659271115517327108849363332847718147068715040237011879329509403469877280801551673633383917865124206519493497739989146183603381178351296
595 38231716956483949143478110576925049784211668258300247783018226692916491034706734178988720818213476258256841508777403557591692105104802957151241851525405433315834109877815698294051327622577348188233768365496240821750345480409241928907616822772932761838487984356509832456979670351603702470777685588282508648437517396590330500701942147779610842122
596 150209226720836095288981105378848555404535332068574256705321538499725768922307254126305668640746925604885015925514327957262259012519218472546159845648301939698155973040521455634990171719387154967167484273595856436854685037576069781320892874341459630699925231984927003404361350019455339143847430488397438099714794925732931335970510232272323925040
597 594315846963738534226400252118613042863352135141241785912204137562558027089799973717353505263077571175305916927580116119295846349020720587735308443072132084911738466406111246035967698452924850658498587628984691598790909821203283356309182121051585951141580411925731140053965041790915386603433761005854075583143884125716840586557723553849481834008
598 2335247883502248316554083300452834420742718793364704400804435252254626718906932790298151051744218788707784797423881320087160169936620072295797917426188358258219207469944428159093001037187374414789796140010923715796467337567552546732821282930023470821416973553027054556192509285133618024207084440767246445059201523859862262153769559928367076689308
599 9240011586916699320570197047496844828384779668948312426391942648606463610224510779359390645644789196824974277356586877833615860439007499408512055752689468104558230309843234559254375009109188043877116320753215319641688117499296875294295345700582927997670617930387531990674773572278960246317170734134518527488644905681456932054226889883217168844296
600 36307004977946802244303711683585824823305004085921200057150290672781431473264956386696095354407653986376256220495379090512259323774247528441209604812487823536114796697213307481516609842579327357300033379232028715051138626445338859883835728381519342770404619658344660232878513622380301266996780751567592352570822279913450610338197774966466592951710
601 143661261327698206215858335368900909043915075172313146107631162145463936192753134345352669141384359723881788567046526693936860583897988451915318875438512623192479101512763364963582903622485811414269125940096745010010478632272956475389627638923793242174930993182794022947190131465306719720201667251590697763239019131624953206662534528385008407424378
602 564547429074826203879867840391113861910002763361425740822508459924969568549119939894235956444364914597311025037236319066644347119585550342053355043588058038978419060883768682004667055695315230892684580770291330742539017042105959503081250307542214448709163876373343032870978057385839918345092217012237938037967654662286072216647116932801067649144060
603 2233923989189184091913383290589462846131588361569680777108985989505994920190309336185149903642345647269395559579962087917500046327074381645938994745919444098481473268012647685497722537079462155203112138920297999954960791783946831291341971582452946909377798769050968544602902119356008451482526756607602622169657424914692468131390121442620994679034916
604 8778725998383489817644643303474971822868811627064905376762911248616774268436336098803336977553214248353170431973628312812749359104083404157018063830632491943475750568784700987712963634087373677084028501378139716540108822282765712176003458858892599519132469477017055865663184799012977467863863019234400954308913331840430708513563507443361927095857056
605 34738343507299790645081490067327048667063648673992728459393714876028295411044899028690000058783693543810890917640516674130833736677266211653966751049684258435519855680814635947473733066914331746306506753477682154497110045423783642157229144893408851426809071230236360121982919410415814431201462926857928993973700706061536158429355481589992470787361326
606 136525601498420459181266729875589933788084458532831575160119194963456438337592974759445199655926864013987926758601001152277057105967626419828725722537512812430208785376694899491894020410553114581342905667468515939061057572825593051431961909031607883045535984590305520998609899719813815930092288689575733671262305068709430355943617480437274113282176761
607 540269047376192346833254063822562199878994511350290127965829408766416586219167216904267284366682621196952042426978046565850720394518418045374067533087590327827048811188426599468286864974778806479831972001134405429777154102159960104397384456151713051096672288069750896587579130965533820500930107800760990262911561545895561874076604419309804040351228093
608 2123328557392417168853992739273521319299137102968278182214278287827357835122621268417899260901659746575659938577731956260649724996710767312159534982792660566280335397091127591639690694844046448455922700769598035430185425989468865542087220608797691692059403956055963494167523593652704563100243546013784032840011974434029385772905114708400211536477759103
609 8402773506228101510788741650081231348008088535235186584539884721677472353971757580943063425379028509361675953063311419668035381094940349486889912678815871075207383655642140556773380541698234067461620893635668193041557854583713410651716397085777377741000515119530315555649763339293184224396223307435704952891736496187233104418425365487144147951399892712
610 33027192301000572442806936446502040081566007699713485903395332622998545097355394075340712850976108539152527638719586204186205303529172411570491777969652751223297557041855076539579896052762021277960125629503737889216780257150056981822125578706015040615451607608274817351769259732679899993213907990919853061464969639425559003548241950505038233696447538495
611 130705955329520768002402373100552782214756227696685235398556348653440833406835297374461283218120278793192987731217080888677547049382706268893338090405826809989168005017628746838348994623609173539069299475049127631735050925424754356681370150997711354123616853389469045172672311027601512010100555823951009344694094163653221438685779045395462342572833850292
612 513743815566372496094849149862029279413063711658723049568295599561796184874084282029122989088253449151232986977699391075102749952511932901817807711332573232198110764367397178909132892186688470050303689332970520748620046344343356784697574288191100620911989172529201452699670201351599755275549506945848507331435457435700166829803826536272713467903959274834
613 2033198273892432635863631356422187694784334403519139557170026312371774985688068398843206884219738928432561781506602115240262258041371519722009939720145832117118291431436734731894597899483979032436138490887262619669351937395481162683234736692747421187189279892051441675464367455344672935710688395626716702051307969335108200652473273022118195444469425524050
614 7992302283310007515786476863627086330220429333343105551602979110290933314686973187230234367341353747840544272308737310824248133119692564326355972248206471115473310096436084048038427499934015474880953282481034019420255545089211817581447107590905426183876099149865254485159386414266612493897384775830883351568716850701069761842856824192564356114286256763850
615 31631731639551178265413039424357013814515479473637843323209543508184007782672979370756489899051220548192983695255866140302693363719666719273672150805376948055305155968004909547992163605558913787706419895464422057744692941506738528789205512169567599383353686084951558628145575252582426942196024057167417609444312754867389961771753784133513547659383994605746
616 124341799530519436202061237310345865488631439157883928092150554238986720729976916363657012585779981593498185836347454803129004791857494730148794929637188787775894379416330877149716765443436184034641123550416890209617960936936415119448616757273408745730017570872463264030494303172531433447675177499435746155741560338331958743830468976108195489680620308499756
617 492127278525003796130138382195164120214178123827866926007009564500173537218004270094988399545831414982947582335093802277881804419033997000586129951209659582592049096360405454549434428072606425449585613369161229139399916515917110750851863246253624486910319712384006025095764365536419188973804636962742296908787875560244968676687221487452776854708809540395430
618 1934695151602014928345457083664286205228339796101882324000014180066828220763988415516806673166575990361806224142339068749810282460194636403416492186090933744243294053799696888039053910673968232929640230049527096300843498494122043582151966090939663848615193398450962077698647081090367940583580133845620846786307225010825873002219535062472451826930643829354786
619 7657564484435430738735043853233970954007522967597512886797485082051545790674339955443520901690867541162923650928570660204962582359206391145553592525449514020597910495173327302341428099759911057830923892405580055544876272465211536376057005129238546582996815844232147451659460394058844068443814129609601861259741043204575674092559501796668308946060344278134179
620 30104255064853497113353304030038777073762167172812750348979629283225841157477414801848121065014574036300123665752546701144794778025105672181958335385260781018864444993428882773677853136443898109711436210008143182458246205737621239813712068922875873057098872819973648883676586092167884130937054892151338223642570231594174904165496484597503342959938918977777885
621 119155794240223423414516952226903818278477112829696642014850805192164204559718476453495801583252257882795861691110147738041826984440319098335557313485673246276039414835809365477767427966258241427356320709977972971425122137439304773940038660900189289316491701881646890571371129719902568407007717077819570906539418581450949623658360839908912952907488196710192926
622 468481467778999092080163452340400907916750284292484607658001945717425480135673221506745022426218718301883864780116046737898051540445835476938298943648338952618076328662161957658956503977158331662993962142162155926376232595361518354928687869256193471254046208381474480755233196532376430662395605485400665965293443205330609741255735106368299970034584191596298610
623 1854373523544800241107614334382535951924816229594531587097882154348757133031809755760717877084292852813207603591378539665414679880916570768252630806226195215594011804789211051821039623208087322963714980708060292717388038628818912875493578130695383199849779353092050754141266779630190829764522730916529807810686693069443521362120603656895009033609484217342886922
624 7290820030616335704680892877730069026753542158826747608930595965538142003076412164799483206695322760832044770805939402419645806587891869190756312220361839941006721440539026033440739028958313640190546736355914593769950371840977002139590861399498870457802526207153404462746214613845633016828186266087614604433422158247243665083380189360725293605977745548206706114
625 28859590842698704150977984032364807428134043958316824454038449606143252469584764409959047282538416691831697347305087419053157800875480788733551679762211202684908881700613382358785617529855817830003008385639686199881763414095659684914922600458218225837676492406329167577670811068595219132046857017401905512187701566501375317940063021401006817915371530930989060968
626 113477394161401124130042985960136058039318490340602210006868566801973356022489081810273656728201336661215283972948406701520176572230264178568643956589733440357134052215901010884270915379713464131249151599480051843369635307692430792022860528789118942995985012385749689789124132757284917298022975043107372517349116962251003131164291678357835201627532771522344222739
627 449200843290163689823092672364520965636716319379834342336954708401498890796194908324331416931431141403008387435147232627296233892081159860980165564149969233909745518169648934385155163734575576634440127535180345059633798875485732586057359187313306675349211215261673675133559869417086743645885351711535919359691602371710946426512938417039391789872163917828969970968
628 1766289005397527836104481865540930229157488144235118407806589547497665259715234428596563207399398252718970338429733343192304502220911490277361961684343959174025629030787538182005662837460326438046486235945587152943814985046009287870501834056968212507928399958253094391598267278157366824882663647912769118842259918961852953862562282430563559743560951478390172549126
629 6992007822024366276557987525683201765622325056009073677161325208022888185021615234961702067559170436876627351581820327789378251842532523094184764434354436400147555807853513962199299647391690225822060300663817980225801271932777171886666934710801741648899122828177011705550846884856987284986212686327541122767516117429705926131491863926633589844731172315679812991216
630 27495539688244331922240597226057584107899376748343197956010877668043208606195010504754353453036504601071950315539979880315239951201550583629758032891893062840985817243536473261898313454084982421879572853868373095353513531767422364951517990724894124180830278046849319511241822537143210026381437524593804558810645817155967229654195725984166313595622697456122505206399
631 108847762057768508937445169132737793190945869334416940329835091742449494695448285567720480839368453157328395937103280547042545922373529898403496886097814888265361056368910165277264045941811672289885911524284482219446771916702214923159811619642706058927526551642266001836093367159298167364724159712922294792910925202774290998965182111328981738336103432697255688125095
632 428037342879930306584731481451715130790422150171217270343199494108647820222343441314017623625722571380739830926636032089933111438850347850437133643721743865316413371783981893187990430382137130891889139093628259042762720402891832356711062208820814374892432258173741109322662235798113589537174020394537618101429005490133265684278416955217914666765463266713191074609900
633 1694523821059472354362369791548800404980588509571901873848526877796714297202971896341792374559038116987380172969791233024617670805586921805624959829266609626006863532752200974457145637927590646285696136629545258684166464040196748955416909713559086175920912036559556219217853646901162489678846047862855046827629487442469471630290173622828913652305186692736235554893913
634 6664214464237312807589945611570105450049022157933930320496211640589127208702460123471094847465034761638090174973881302257378060154738560729379734332394178356706713941776586450082497499276183608049748343633569290115019676117054664827083937774055358835604566654770331466824707600684417255895759262387591275811811152678086283847700215294191840689909427158488619446349611
635 26383475037721107632940828061953852258569670926094728947382830630166244773411962240813468442557691154284974920275332364083358042542156709682388673364633394930118439738938587973340680721159578784752718373571202825548052518982198875902643496851554927438226861404733888580359501729434601363018017945674648253342686738420684715122415793065475083034060912577922888575080090
636 103761250418744624481555814686913350051082098875172309337216970046324673115374005525726050382110601550261666994729241230406816319773034823304302807942186237397768852181412784050581685624356943140153209785648920850583542470426061960121589154467762715658847965447672864818955457285164645232696757341710045109458761742488889999927995195894877773154623980583981177934391464
637 410796689365340626993919200103438318477456503993891324737135138667869853441800364044477060415440774584134526324642436420482464327095920167055611991071718326366419859116888092226808088975993387546302851114301909517523964806704717965188369200519776829919645175222557737115572633155147676188079508616652520449377941059095738893742945233511409720494316873445899602880274931
638 1615728651594217218214248573530235433347793102204534926392898378682506668976276481940079643446433785898592770595100203858492121005031278823753054175135247834164587041429922738744690504554083361049010200355705727860698295645506405402992396921636599678335388561040502829812448958354463551471310408634429689627060746489251283014996417289393795476170295246914024396216382142
639 6397007947652562499705620548136748132275149004265458942055234271647476870104750571084600959929199804066232367096491044999030552767716426798902464985386311263549398111331161915737334815947074442611399573664801427945736479954486240203457268433951276282130080379719932285955835474571988618760224144295562502574715583500534996215280010355753633471730989724879992049461671664
640 25160548346787398589676759455401623858410888973001164761267215266874518511748986659631710785534493842724473259820264137170195889017132446960438355306927425211688207800021744005569649975872626168322649543581646354454948368431732316363195374265362114940445537077101928153541838793502654260117887681750077639044768422863971833620314031524281237745104992054682711767500090634
641 99617837881807555396438512739517978209538058019949002660847586995944498136003693158210100037881418427810194382481814617628331252723496684736293861344172394721205002395791064147565436453613593373429205284721712119026408864099441773123486945469784022331661384995686684581877105127269263194526603369340633931552166759529245578298505522316516792015649119445190550225370629394
642 391848884855361016476178856335920777146504566416879924510544094723598626334512769498912209696333206759447031380928703968418166907460637868247248685801222920774719305509071401666569085634169464225016694093836967447451810880148130204062998929144428750216574132237300238166351223590201138702470996287529489738812458273403205216837399494694996655065950112567938960161701778330
643 1551501695133397092756993158184150340629325424757072562435323520893320824265470030856718106876267195837358357198408207908589112436577615565256303107259987043701830955057050879866335869764619500621172496261888526183383088419577914986636924101215003799474927841442814444931548020804683950222043987576029504565588627233447438481616029319929900399372518568018646959843506696156
644 6102890543406259859075119591404770756131596669639277136739582621655521596832591749548284277241928259711168381048041858706706394815362567636211403535373925504886983233210984840136035658804175203487600208777955449169900230838616908493513979861909114127356669977670179931176870482228973423941457876835199646010433022979982193971011470744853530221446063711812122311830022241740
645 24164494394685301190485199980176161673891545766735345702141750187618635024306838733585200137143315934074933849059568660735740933824047560303385606903246589846087060710487093858048961257846196411144822718477343941879887263452633131574524316853488349985091903677289950199173736663074016072965845563006177601036827288914376739168561346200844363347197823776664557983121565649438
646 95060151436075985997497967033726698331988522972971617151185103440241617215187483179834756680597927980519669803735866825234057185403235335396305954631584582003138673895911997120119716378675588231514143637053950470032506678047270716020104860854636629298769431650320506438173339446181322746352639203567566503924415856908899516048256026202257820909748606801452580360603113581190
647 376406384742163989276832093147318849759420414936147063288039654721736128896074626611012870759737804492988759409605510314265247151546131156622143159225673390212735366769307809887527236444958328887982961882938178044840399057387460798759285430551986693952136136869270432428182678594729737519413350292107288688914030360088404362686198054094201214379742970397796100483323191820430
648 1480742021558087049866772922662273064596609320904673824892385375127978281877426150984040604052962879227249544357654806197904253812912836695908239448405068149597076875149726829081528085692768423660134887100759770197598288757256357411899383034827254535250630522854179571233833592254416468482445381338657279166250406823331137344515252622877154551353775060386392154725101295658572
649 5863355366403547047897470218147201881966953396456408407882817266401416378772807239883839887624163836837850059891989342255740003560764772838130114773462995167618161834076566115119548718533475492538026358441533601773865971114482219009614753116601768846621888524943322843704765565489798263667896046887774023952606399929472439542538231931402647752166272458456905358961742582643256
650 23067795549457644582363437045667621829512442364385847321172847848668255409713048209473051271053230725716827635640166213918190745854441787736294839397320245154367671113448953005724418529184832217104980483444532508637557598281568315868611110439294770371275941045699384182795442058346040174259028555049095011187412601369648918250108659214103997993002274221827108493128963319632362
651 91345921657875957487804054150979245753362459886249556999057298747964189756926319927438321439459852677923548755149583841922310481997094096139303562960431081100118714360987661466038313824880212518450240300106385775363741562794937910437307876272826520627257021981022638570615628099455644151778063415019281580974171099839364630685611767796756407746874487619732054684365967646378438
652 359377402910615455167541556369398431069708044116271097261142256397680201975499221774012903604641264593672539529906235203207407388284527129243322886233307536157443873406411955499909795320510659445352874945863243203125592392070972057568494319142994804492980058665004102493583987227917319151796659400430997705335863061431606744984115951387838692630368236734499211141434830326850770
653 1423121950875079654213359135419796646566352962322661495827790641783989721528296401194661922730172556843734966180333306260789544307029919944202545416994793645298256024343116802498435252604360612730798068755283409791886959570050220313653433147478210959383025802265314485087169630078320979069426863179271585182182329040969903775865452782322826202603280998890031214765600521465159480
654 5599385792767893467395731216331202471892993880415837766780572255037799233583973722807217367864301971945455952931141345739001050532683701393673497717800101089361397914606398734013211170465210325299529932221719959840149003306516791151075511810741290145684545784932832192227615676439897179261565417062870878927230119368204301556574795049492676329774320539174037581073832381738585880
655 22174188076813205441094889260327050419767131844580912682305318836867008571988189399825631408475343343851800771530285019948858857703056813581167869622682998080519247490373162894288510394511036055611567994770938770401168922127323924446630652103860655776527249738810833828338447742486777598842366784126592269712992054671816088992639860719432948979570540593663963948334844597416121656
656 87246406267128178300836395366781772563750426803524544244065357406645357425161271250365734200429068938178291450487579836181947131617169394772413887878513422410741808294701915694653081637149812312070916184226383124378874817538552134248703577204070552762132583038805975979370875950232221431712242354090281379529322722421120572453565361282975044725673937178816445508063589391824569696
657 345511905377860132573411432613533577384987475916171849734375394097040096063102967260543856370475572291014092288013216100093432194721743309722379252155254074170619452548872555191085229300530442730822885944106008982995660722695743778625274049350149006536268895703965785418984136809009972291319557497131014533872042039173780066067851173826745527802656833995524533312479645969635667898
658 1359563541984497874733907210675708321601075624912467396610776206295029621211172368949121627494332465328261931382217451730581925439143243034522708940809415227019410853454363875049676940170810663903660060561437958703385567544046606977799772598614074375201206804377865476230601481463526537033219223096440497061445358998823324570129789936649387901691816745751604519945677128299867518878
659 5384320147143846993012723750637522864585877554460942037878428772479849054064005979353804174206552580825175825073760998264837030379966016104038107627721755784022950504520493782635957378572180109216052242827756539528225631861771474316422755455903713971296680607691553055616555637943026030438420230464168177613530506041642126782538160194636573674756908667483837389368005970942682805332
660 21186977870194290991892228979534734177531117660131820423316803979361131360107995808886995039891952128331979257634230808600406445818285832379606807819463153234202809856843919143818991375844774934823097336022286084550657724539048253482171626484223045209269650517935086561763196458393467957381747184454301941847665505699786734030150400660778464787888168781039549205105913946783508000732
661 83908983975988972098437210766761724206865274729001747084001838573581682667886794417797589929525397148342634126274056944444593782852696229687837648123555168615869597289934542033714184471507567197338120019801340517454646807267147906614929893204016746020012195254889518824629196995847286116905865684226758602167914688696711634294989820694437420974577953705858700908722248925250286442708
662 330204126538786709273794903478284238964638947193630563564993178691174935746440531102991514433943868691608823444123707777703479157906626641723419349031129106508752168070119771501748925758386725033934761244967729112715035748527030911681801554978483890172019523922634520010788333382880431704691668860363657062357892612458929502049241628947475126371647072990184324548893087920977202855356
663 1307788691451704696681464830475604267336752368427777268706055407509039808585768368055070290825136008245673255651424498788701789175669928435683790295229985266501856969081398629677429163527179210188233654504570648167096543234549116083520641367146893603345864173280000342010400106067318736038219525766605612718030363088726904026241819826338435950730713841383158774280035729893162450455962
664 5146513035932313569351450201912758809813692998099134563397074311997706396570567368654611083775140189450871995551281034187699729742009535479032951023680721340013962388481618670544224923284501393919813023541600133650225231545438571308904273275172472312961171989578382993541644805582818544113306316565505477657547437027367704840753978230273193058704302772714777776005044216380947515877294
665 20383375124258721522700856273309199364109030136911346671341639912054381885620834239504944742366940991684349886168846524132994596889213251736491709853571968338937602194960046362773590241213701884734064903999533447225138743495763290424724379846755407161639800972973405102947702361878689949577194357857647764923960791602849318043404642488840983377208073511486830480254757377324048390147100
666 80220892671944215228559062257203636099680222150330580974661483022092041453426967171223609744047582988813871591116014527701774909566816175145269145693035220275703386736824464071414842948024284093936323739436443668886762873435908024169095384196189579148975966075695385911959120961429706188555492574115590238181740753654912183027872930829359450221345578557881190420518082045514694592059902
667 317735729827226055327911170201224281561972649552678237273427706013371838365670476556366207702610802148502734945619207641172288005839739559454271490166226938252443141428317110331727690254960010642038114554239265323090604008921082026383692474514344455678372695316235472744504651170660169148252826754781482927306810336331454832458642318548538870796234235855650329169346640903836789592038992
668 1250486494983575365570928243370321143540011350773127353869146109877774891035758473883281987340176349956842449440933474925414747032690415561515086760838636079698446055189769720067772305034572249859947529668346481331915782132736858182073762449227073517691091604319674149006657206479382500522601126806583567801897625080721363598433499616637179622784556783863034743066140331370668524653692054
669 4952967294270223038873125776862378215476515441968462461306392852081638479110151687154328400266474333038549412520256934650101291033753310851976626273051167690802246937470283334967717087057928794181433108905350460111552902022686977548827895991794173230085577734152099516919829427247461713562738878071780633693312762016742616926657287595600719070983658649112526016371247123989702046426170560
670 19494565746143425620558058613845178127777950003132635186917875972208174108473636404646546152931032895666025187418738222374399579498136136301076992183773254404826207020147266759883510763074756113864442231985055216371486766250353785568097533239077779595565202541423368176383010569579820092383960482104044429614824401169242871331178568002535827426244356984508570679527645188479123285309459208
671 77217424538003154478563382649854246154182315670959710067608359878221089320217096770753057186217390349455756418426088031873663614986449442047894408781398311795145175172959618750619894331590737559672364000877712080790226110417380460691613342707057558274564117966761125921035830075455727181185239431990661166667642171956041999710712103133159936019425104990708093884254229269455086671759644512
672 303923867490026926974916617990946864776626642342244262934140183989722013257140830749361888831740929301506667479837728604483737885896818037149009079911222392428289956486792464974410384295568346517302387287358686479823987071752461764581450578307493947391173249794326361608384116650782419450706224788780210793793413158538518706866207346191315856862526764263411444058674154944190603675671117572
673 1203855342805752677068399986999288839378025558321411000212959242579567994005927551021407804174476644152971460703802483053067581151765757258564879721234688272816035068112678845836771011716237143170346618371732776422770999787753902952227602705720797053152251530863957413585853739949338788259518204443854866090182912839478319050056034423481276894839387744768820823486098356958376831358931255246
674 4738697208273249771213505008418375195721621113766813549985036763168586071937832147819655816497861981267761768870721552270212097194431842874152731436843719368769061136065071209036488360225936888791177409601486640820133653683540871176368407690024958984573546898647049441397858562522336267750717366440764258862815784608285417132643133632692676541424129941167110373904626791057960435919353042324
675 18770838228731811308160581278956731705088190139102350170145288985612322725751703413597820244830971263279826649726518815291762578597474709478509265618221770541881304407454273304556338073935073208149864625618855466331395493606210098418262795881786371522597081044825546643689760296924349293840604810349339383491158151919251690723974799764158156993285788767723229447388435769783564957808629501420
676 73887301323823726042347999444508831432484956840181056265349875341323826147427272400642225236973074257015732493101075603091990665049573806240220584272251619781960694853064058421895146691801547341304317510149287680728349879063242017683609553834063210478164333754547001523413091399917697483334599265116735108191544062718025252515530468464501763682127657621238982871744984174652268885990217951036
677 292686180906417930211505242835122024122328036546862582133251570022043606648736522003097084189494876517355264605048323386301522398654015341040617783105664459034297647943305582094225172045337974055681951897058819990323916806786412366604501825362207601657572001564377373462638194237999336171894167829966589299334056349941836901998305599862556651677584207686045139788997530958717985537606430745160
678 1152186504437262726724667677072739444042875483203114867142440953752013087630271981922044653784476855011953602771570231619858527379877422757404524078703879307141933481667741731510982562963428713458451456180334361971053549407195140233370744997928941692321634413100352034247498078872470036142932691548950997329279996081700021070529088295760923603577981894699187246582187341984382467854098320721426
679 4564257736840873115934538670785582038181855177899479967351776784498594297799169533332763518968960282618396825221651343304479047510729785690974665504793098547555956017550094922242727389984623079034751623487481764250356603995544787463706278325775077968920089004554019727123098697882076896285830672620491479491925010970873771862691524425214649782823945550763272901862636630051807569785696489893572
680 17967681554752686721554196108688212927887009356734135183643222727143635965937890617504923012759094832821103716954741531287054395632914327892244400634643844476914929681059918359956397695702542032169469912724801914899422195696452812700229438470023505356194825524405794682537571066704063812079778613772139034413952678052997507807011491980210594731124214921731719614668564917601418672505386105376594
681 71178197701887896065850777580944205953878291596068411461234246449940503729088440790831230904511910069162341582951858461375638892396124455458486406042500636325837706044475705929489374434435648788561857425303446710573322552084747508757363979077692901964976910379768638765845808677082933426918952487664046223122857492102661552867191078047146277659798907589158006044474304924986296081153358406254126
682 280222689902117559788543179868036433744870872706736752609091393570073087247820948767591725177188247451877947290345374384248048230888148400654568535379324049378560157841940428378418699125629959505835970141589145478791121080549024360376729202978480493313360270455292416256827483683184032714910662080071598515238774685843329344437867252256959610302171414130935551814707024946400551387788027001576996
683 1110128173735315375289304361352751772254472576264440834030959993817194170945981303723945457389981483492620289988503223717077971999524168619840545594381130741979841922710014810216950221981056445140866010990454594338331360811407612949721139985835189355797904094097700409246987181251896335186374732660943101887689650416951046043302847164169502268130352779679650689279186630584930888744386600569689296
684 4370497122258188882013058730493745321840184878726677138503348296632722915978584816643659203057822160756527017879876960903968316822324485662548284730700220513943281826325171556004796271126298165212555719038595716388981742011481611528652879822789919143496441276614986248288044135502326002089256851522085174011471709877518437598075899884137534377739391305610069372092606473029221667304869752924411694
685 17314429638873888300858341643149199040994667357935474169103891157705997578114022717015649191446138063812040437745995547857009540041965429702705365340394724527220332924917379672313571957100385361631030596856744002353127555185407606673057558592646520508928034389112345842255956656050636892235371649522691532421747132708657494207579824369773333342186881754050145362709781594543295949827040845933709336
686 68170995644943479301319998826211389568604836687266607033750973101366671052164536700069924446184592108852072564039685414401111911447001195938517465951576271604306988371138666696429636699729174252411725712996373875990068424260481354471181607166551108445898375421375688145625304041547559652910990652206113182326942110937331669112134060119297022015566056764056750679502528386537403114460549050442828212
687 270079507979264263099390183386952306133024808830394340679101087918165385945141189769462681588919112187644749895082450156499828791027586374466232629500041228319396310440388141157818024450924027674142667706816190351236079249083362285530155871439919047476709803931206923905803659428283887969859000637377906972746615138488144242571061596042114783047794621988927584872340471306526317961832356228455196780
688 1063369811069789479816769882768240564614883624058295018421643594302681327479446550598868451551070628998433407136579406087135077943671810145194096918494798597494030382030270814472876586661590574866021487152435501915742109988488928766528445412325523174683048738293922356400582454957624945076185394485540324996456949624618938145624199876133039191470222425469862349575427817365098749318346972597804707460
689 4212924895081524075628519142120566229484929408580354632870328610955767999079549025437401216561351697919858694270463477053265502058101933081311536529194722069022983686531723190340912223874531024290001166731910035132738386093235323995322906142131871556532552487092407986020967150244556939587855352265436121124991312691303869887836681007065111742735942788268901901319432241648064343553528826209639323864
690 16588615882718162096385335578419785006609183282558989528452062601643279128580612330485709520863990482112569872497827063418590888378816953443881566706862566019423752727074363183655331173755296374615781539888497120735290712163547084837915559460816889270253523846793056338321277109175685188898372737776785069422244901554065693426106535771270446352943290192930505281426569205296855427757373442590211868438
691 65724018705930569455007585164022886474808351721916551466569936756743670590126686698744576629283801889075720114152646465455301257017127145427994927673926591128581363314681440159692934532909300619267392496238803606725580241886834370055012975872572396502784927320154120774714411941497037787653146374460182802403335695169954084053519551105142666415894347943380196099036857944369939605885888887047075284780
692 258792615454610453004933655370297358263611862909992407678185528244379142307144788271415282548367448321989113827038517056669667803486043478820376642784889461511123760965515512969442670046219798871270428646700046445115416928275706792601655661876682582307219918316630887453834209857421948637031664581433402210284248876871671790153327799700736671042707887348728061724236786785975486458495600433083766534856
693 1025352492284443489618370386996102134581436422068027032182314939026877326959652822824596079664843242796742501864724735659182469350412444198671367798594937385419829375444713642814055244439841202283775287132337554546290832360463826693244445491162578325565507096152912653061647733044972508378697715386841428049975566234157485854157980234706139666840383760940072280393009660330347410681050502553400891814348
694 4037699684263571162912326077776217309691714840552972502924750152633043060768810927576304424119182705574371256387312701171418251583820621626254897737072308690569635679052325119129616314384610650114088535764769163545118904835900254869750254487579170014722971733680849332888843816370020926335081634082216787289877526437628676047128818841724851393230378230748596456750806634132794762023500041537205846258434
695 15998146261647770754078009235952125925981639518700020106823344068192239998523447551803623131475708831303934568938266402591471013017403736247333391273940423087848698605453858170058220829837880553461057108248455128061248539166532381299186192975583450844874865483643512617855798992137120613387706564884311339551605496195871793630553219590459608647057299301334317967662534680012520522444890489562715571471418
696 62998711012152406573435342948795621568882716074820889194691761107078630760700716726178396935613194190034536472354196114429068342695202053570854538934868116439025085460641784393770884828936778840021222061130693510007205157025875962447623383245147123954404093789252991771760426110415148625406110514924567693730833021891692944936142253025080323729755171883999116698943231740043779946724800759214422930505644
697 249617216922764248596071678339469373166811353037465572241000334428178819346856487295242749886485948630004839487728817534356067228727799574249171873134654156803501363746620505982302710035752257242545005490512278085526229762567356522659902826991688919964645028616056604031421069828949974899064602395402460268622233769427074853079821045452518678670673348277972468959999479913562246318298340003597398478054322
698 983036388378328444327966500063644236754633962637001938361782462814171432887809232008161360899930559073387895604300472870996791604610238380819785032681002275709600825565805411760132092303202651052511440406874399309257891176587371397009657689734929887085631216281314461954787492427306529210089439532764326735726866168505526171360194720554410747145616521372312555397551459515075142205878129112311360016811222
699 3895172804674432061718259284860264351247171680179408507585084607878825864103080735107038130304969978021933136489330133689754595814928196294989084670787281770634065769943434066520266533444721175471669185342813512811053650216519976347490435495997576553704511833260497824323397965029538437884525604217674433538692672117815912453767862427687456192973534427814206037817472437263447851061497545825798974146004008
700 15339918399082162218845933770999118773665590310683730852100969667201504434432601188753776212792568596248875514507344888938403724020265536889809459033008124918794635326944242157714447738726400860553364137203566125569226119592168421723373290478081744250318500570824850694074072858127122371295829070006209821229868169771161715635030896353213109866146748785979978555630787133625820182804839386740014575085245168
701 60783732872031769506630881887879362588162026275610771297066134574488070035947551809806834486780609692037319148217828429167592358865457975478123734572211230679840748689861922789695206856089323295281551186530805137443208732083908081073598359965575601269571007605268843684796631479027525026406677619518485421838971154873453053869978290535132506029198479016781095359570010942155794416000841179125722000611524892
702 239395558362067339314157736466004659289770606223004715394972930164689456993719201633298963752304733833770913350496925998032669886703152807224028080467969647633138315176133516825604805982018012064993815667680587102144274927067157048633869888083165727503620693434536088297570691339181294293311780303109631478077874971916045193538815987531588889183080118166043377473767164182537368236204537799855639311652017752
703 948624739868163612313036301789847407734619878996210354590299285365299749806001226178198288743677585961738923235689462542634272504598307680392014359736858442353143589818238602996650806482619044691351412985586467086400984278828208958488845277960358259572287013438346490532427974767041659706302143347814929515393123279556704852693760228058029345127740299784441435098011032694249003065531293436966990948416264412
704 3736149813021857989687957149272031177478628049065716704195060639339461036195666277708434487047031220216528334188068476246276662986022762739951647481995162297950322746746409432193421456012720197523441269396983888784521140252204999185021893401408584306438511590377067796292103521916357599141771373927223930317234814383525047601378200711657089197520739681977686032028576364624394124179671040794518306715461215888
705 14805043955322072753174643826395162153820841327523647515408746520274175035178304544908823318024373831777480887792135635567511267785202867794159305418116532481222773424503551579706318620730209416922151807659293778703573671612325144699541611888461654330801267805148659866370395336537524139534604551044829852818091811881518972628368771341377614458734736702482108045881132081665255592013388184750708893615825367398
706 58313881158172360684454882695546817072210754825312757061481392914551509649781741434327462871549346740807084803993189247621176046707436935056476535090753684207300148619501683810690548029569664759158594136072620536017200372559593881041173980816982682986886651149135984046477669615306990725011941390305934007741792925078896839390384166492585250638166794292136241455525826645080546760219232556136447518490956061480
707 231084776321896981722810027923801421007298083215509152613438145733514463110073956907305897909197045850598317681441872952470995431957041565869972808347560577247027060329166568486958083387818315144288518833001499135567444905069667652202300095366246763490295569986382330168705813271656124738452434924135306460738111300661367055781674366747262709817152440737855455686720859001797702903832277251350223153913376422496
708 910195705372719251882714297334546296845596612469007750094086725540373880536289870934687523177071554536441906256120556768596319669436080884506108775516728264550735365229867000170014602129392119542165454980822158830324287165454757747837181742187530551695522406316737975168589714355989772128171740462227137164704455990011104027010169261210345527514669211811714126474255289604304935577521993376438811852616503501636
709 3606958887264986162917824014214496546042305752991560863615248518573668777537202802412078006894491943720424147479655980879128560268806051117787984913886716903492914482640815991368212491612865851273790877149692953505891117544264195635259309565926550208988026441720595091860532113283863901980058325417010752100755882507209181080744127914907860838930545433304684980455799579326599567769416997810114896908088109018340
710 14208112934358147946754883578195250755363282460246922653194109198675422864803198147256082554667238997867756123975544430001204889701565162804499754826148959474356965983190927662054711400039524237416230705057491004853875972087762077721991841361059811893705321779066089820728698882771030543894123954740923520292156738272749956906581347206829526454150201983922225167028185938967902740419037448408000636807859693475130
711 56306244490901092706831415012625204105251952054977283727315684014195171689321119906923790133121255309417286741173873223512529598784218072441312571960901246206238568550395566305510035433070597829337394802543882588524687979334686574907661906812417591421470786694963178263421867882450788052983917378143660334779283952193858058650811975034034575261471861256569584860505327923549499704574152891378565285466168573431888
712 221795547148706048432372449915909483867684260849524012539145422904963509262783742848744882078578598334389898466097679288417850608102789171402644769523639610076276242644576473623529555398037539365732128081815797878835440501607492975642533553842639382462504520355262271681171123459027239721286442770145384412316462420058578587010877407614127120879907713123066581337549354526675025861833084941460244092208283831037362
713 878981806903307897727315603874280430587316108154182140752613001158682707146213450840628598363467655800375607286179827971587213935495577005924793248342741543169394473024680029020363767353380608028508357036594412576718076829822989813501876075276964745576637477728857091671277964667616081066809112599853520724246918741690212869144577166785359522583028615866502850325057627284501104818603408914539018773950312455333562
714 3462644564159407840901146027105895936583890226804659680025047439732007678823831376630641293327755581562671104568584864451983547607318250241854489530813249658416196825321533110335819544874037646888167984065275205166816511316493793170811745698140307133708118493368986256138884089225310539712761293793179116356398200712186866952663338809863750522354108703448469127851681432826974749394534898733469226263790198799794712
715 13722987206830962730623787456232288281036498635090342073538781765647007261879472014914649833008287195084889116265672548228230581779960516615244647667855749517524507993398338668843596649409100606113247944419352396161955766040912557880758121752399871957272722539554127783741043970800340305327807650524745467894721809402203347092414785440210827892084875504566202393962219180243070217763067871900697632009453218076067956
716 54060221389535980346516479196257051274085980102081740640671850636572438189379283416179673396275277948188469571004194799468615143687791610371540206312503420413583072628347658871934961173529824046269962928935035411105676118341221682257126191537863676121015728223534105886127238700200455353343825782837334802767500303158697441462269205733676076159932326503352664927729784119600033463545477992305538321675220863409167178
717 214252268181523319612606726781861567236991069179456676885412564214591271500135937863834414397462640949336769230512547109216122472933437608678915812965540294779025813835690518041099817459208085942892907384532086161042482522630441968524598920437590490593992513170221422383784775949637902399128635838761644048044490957151997142193649824628770718632353363518072804479855825232404011326469994537787895788324005498942860148
718 844084135831032322685201745016992919453366747802463202738263934143098948078165081204166908547313560176386791462693178986407658350237875355732601008835881405988136952986761697496080857635187005089120640847974206662694628129485503344832499840604837080607431988251300370562900685396545032446808025756845013882160530279161743047144254717193326458360823463293945943153646193232537588874936068147100277080088491594939241188
719 3345390493490037824459590206095723623255163520872458234379689994047805498082981860704373214216995519052445472778745540902355537279562932594124769413970545879263632283242251063984445643910235912845857393509649114211079324359509863366010582227560667173551107585477080503177238732525089569922551282115824404266189161571058530138303254581396858069652632772207711525623192592654815672040305888114088652956894531242806385056
720 13179778841999579892762746772670234368991631740464340424174717252321036143534998777711396485711375006544594158764229829110618254336744394572638085917105963692256191451355478075071419935831325852799862255571559724067181983801617757381323280820081576336537760247404450468193773515878918902885767401337860782439337165860154083666792859628563332442508208581387143855084075886510340569331000134905595678806450640405602825532
721 52236726375295146351679788411182109442727617167565128596044283320555233663843761403122832101323912204784119675233667801357843906367711234346588603180368200255634166283457894854900026541330900484553822723437967137415770830869549340174987350915898883149099278141405072195967958318758011915442541425712300306661122152344964189211628416129508668542755282858621252820602829152991435186774313478310398625643512154346990963052
722 205810921125646947740610219430645467390903375612798558819963841796199389592939872380514145187732323198678186824772976676124729120138930092972528159496089818324582049039616442196300854789675604538142779546591666231141641466289183993165474582420042460805185497002892825655735073732676486401482686268519979236624958548743191319724155030842768527906950127727662541290518696395199907136508906976158969112627777887208135594062
723 815736043413679635322532867251124040118145143677058378342304376908642212010919170507527700183029273118604273913547463500400050943948462339009980760073308550808962154873267181921753131893448453189745049126579116835147532213598524265930658679563401842686917811342158662351530264249752043132564410304064015383117863596220604206561721115239311125477330189121113998425228556446749681422120881373135899663946671194861397113796
724 3213980168194063086191523968347234366299586485957495269036361641779609141672398217463885116387194405549607103945442884282920548503065480208112020116720784490228637767237953667408261474320362643125420226016979415427916494481765505935070991232972297440122262993862955113464314957184085390116563302139686005827328805225862235251910405232584259697829417381140670800847163632235793882223613893455840386032871080174961113959376
725 12738876929872599463589263461731269750133805825346911871158980118209560108677374042126325772024920934503133300434261986340142390244066654916566118122398065514538133370487397033964313844498660670691222137113041294650006384820039220283796035036461174054878278534162642184543793475981279389996169748544640064079875672093209663366792072959797366633895790783176879481995415238250311431687242408359386662640231427773413046733948
726 50194395723114696627729534008374482431765605163830359939011873376422336234387148745521404839457812855009537252950418677526293689153186917823419347541672940722504202451714826665781373063087827958917553406533436846498901676933448742584953330997729118688004302618211297100236410785380685847649160063261191077773925298922533080388457847558209681519105381360087286157008419014860152935499088130521270439022477649438720930816342
727 198955697489597523460547755186740322705247332610415932550673144774453570918960665866002811208705212375529737025166135801792373214767481581085574483815365336308367193615250799650298918876661664909089461961764050019480776997599220665277994380715807959041844059957668353759544538243161900212016386397705938989172306842987798547486028030454064071434395788560756194579509882306632914250580796834106781625771965566248809530107246
728 783937441102009776200839704175943294024756581519127240993328860133578700012063458835310497572348755907106541804239042744772183549686582157923828143916625428252894590217433308115878853263443678003618231053660677138320278538722729546095403923145768652094746801114290728461274788600671301585545674265896388889233071275881932037971208693826179644488302269551249809983097039577683791561563305319118223729914467697565669299983292
729 3107342736812307866381257692363310971131690382375059170637558828365815408301141549233035180059041274742006941832696297905667292490350875223247313814920633802881319759598942881321826564012299400538558656012881110923741066544927565929399171100320857684921088184581717488570365877185446689255559924445118187410776416988235661000153475968785067264099228955150805629833908785039067601753081934162709456343243753675449077016841094
730 12244603868780502217540668879101210057580427020994392039670390551526009437865452390686397702241089129066899244236950351446507053013433772469091298746625877926734282491769052443924308862214155672092164101485824017968001088388865324301560443637592680125358957332585482897901665455609401170993411773057790652922329725542417950516531922333933264291864365438534074386749556365485766758578784563732920998567703855916018698750731858
731 48536183810547209011842965867735948824651343129188350954675060740147322721122384921888435902631948488312626188704160916923435924979684158878664636785967121313359077250524882314223267157537605601978216415929509979030965057732141738636935890059947527398129169142219488335031525246533093374317847566323014670352519274658920047693175187425278806231057398477202680492097174133833090996407932034611991923050895081242087872526936000
732 191259151067708421446038265085639057937863064404918561363799564919724533417248981688884207844995163928601886044305580099846529269288880137419195071321191840717142297869302938947883073835499573804776237916406878229714252726546800155556786800416749218658961086638997250981680274285776149613396513123999130760225289255902041307469421765222037014824072455896910801708598960654273537110227959054806451575202623443235427428206870320
733 758140463637724985445655744529596139372622157834626970865030746366104015268832955734125523025039321677192365702782551817101514246574271078496375015336381111285511022858255974919606177173791479703572497805963266748757958094874670780853291455056582589085731317548952999267702874440605626063611204767440367442890077393849607022585921555236437695622610829666741492983834059822661696851126606742727727417485818247366301208725721588
734 2987694889494780731399997752142900099248939375667456163489857094722620573489017579496208496481425797487802010336746313887719809697014612942070027510489938697124375966439327154440197203193277524239528542599344065716382098049512077520360291276982788654346420839149913651339214674774889208962726089218727657036306079185185729215872237865686279856190800934308439757726894026635347800073096463341045488861343426077049057925453806890
735 11843406504863564310691942496014453189967126711892634536360746642015480549637588194244392437882850208494296597299212099394161677742092041683993938322462391142547046960609305290858099105059284465445582458101491774337685887194652322650075407357826807616578344588213270958384752810012062480513375519425926049646325807292479268226160713666809114328486653844684770648499447867615342479571738303930649352286855828130129013297794868022
736 46672825019800690261803257593383237368744599074702209743064430633191705906361633723668311310111616915320308030928635375291895022925571713362806496233683109474980681335335955834173389647549606401745653631061486865778101346787079972722051753282639059019296305576388414651025410565881821269826575400483533868635283223125779581426379437247789261518419078657911831999178104147747781078283154373365579428817444560493637832717861932774
737 185016703245374517967444908721728215534616639798343182521975754575943011837973571251518709700426892822044069090658597437901417356202228050390388699090316280097441648927599259947538015587824890436077992760199293132438838077271340608624807266351878501533677141193700542252305771574810153536216900611727948572341556011359477753587215798183057572245786650566525413291393612103722156636931229585932757387799777175742925939603621818292
738 729169298046114516103258714090039427940999016800236255102973317732960868870450537665489083309341607765857810763322361549321915510061329458380901252463171961425159880077130629035716223236964178526007049091133863765942675596540236849775539124463622138579172808444940351809236269335437380217336036701868269961116069899323101221218343168611851452541365693124505400883059222422428122637054689073627134487875592761580110181661826742014
739 2890600685028850774701596256619915488901020676333397882453181877422158303397281927790413351451523977505635051050843296298583108832536145826059532508185762041476359996280662041870101977389066181566913264671371784565532612659354863861742899456304733338378281408337790111619510810556871476285960043114776574591406840523734292254659047100417197417526489426564083670083902693212784840358342970236982082042304612509176199595091863707340
740 11392171145034578064128394286539417165921750084847731572891523907786787441400059098717292436322372388693925920318578389911332645019925236544556428980949129015083130132773005089866959918411660062048915014970889086991681618263234124448153561295112090556212359161829198411490737632704993724180302513654123971933263056283896939696664114771831465155381207518250410355250224552140771328619885055006795974634011559812510031379120269231444
741 45161946574189910988194184760972727040569189287174315358676052423633937293605827218788194142958740265388737718658793877441674985194062456466473043063627086223343751450684370710876884653036412619998588813620406165629018738543273068314169980405606134287380696776632804307125386943725700167248101930255483065832770334189259178813882985671508456344957193937541047123831763480170790899115860388122285766969651283273537534460953483119000
742 178000186253371183411187246326217316186823802450713275139629296523199400329987383190036388893214062633772939433821345397702557940122124969736353944566562329314792603738235809469025488032836420231108924792597100240336243363928542459677837555552157003020818191345608456297059921228969113008342289374100612696581088046741274316643823782232331739295146234513333486177853703365402071168551745917034212137587314002632394307924716799475284
743 705666161950296897108187631255028990754723664987725813328701480831476131933266748488959143645424167425816108256653801323320847152947185311199165184855568574047187017335325109197905124994182024403846279636048903343816918843824322556652679536109707778433721182355801605403864723176866883244860219558884122968414509868761392612867972225108347503611662457418008591369486375338728908193038914270945170657367564957064553561686109233596892
744 2781300602173328065968272257155410428761171490445188013665727051939883789482745806177344322806051034157401573069301019273682678019279502322266384312812438304406047683020993988529922057621947535515010021119812572812533385442526171964493163517665014133998344368461344213438669839754548801970914736418732995927781651010893562465420951689093675038458147605506839011301801518091717925027413181407224045534540083436222012118156728798950368
745 11026383278662613396191274261580008886275075284681279906863519796886318491905519585584633127460897254959849141138876329192302652068708576200406824122410813676198877257974014214390422086636195523549065717056863549792527821535775156849273577348693459044807503615834253512075623711734458049301314684831161663099374238664328187200581269053165320881714352489222034268826169742155598166308760001185093071587044004088935809086981851910882252
746 43462142841044474942199319542312827088665107773870976575381165413147480964316932574755575766697229330000440707222753998414938442793113279033585885709866820328367013901152304269835535654716327174330912473540001940371069525561835700139588535626519093227696130720600108364284953779203592172640122101213838038405256771454778398663201916924073993405596535024815186564986537599192214905903561726640650291329598849658072130943452550183704176
747 172309377228489893099626377816693341123282311354177557729895494897784931847230797565825907877420311986399590333410635317028108044921595135255525824122547105008537749884059519781005938788020854768459394234088967752230618221383493066333292389483414059163342713916941525599139043946087664647417131121359863807831027494141505705481408580437475678463552498675883023181854821559254882144476908541582171198589136951142117693013645257133430886
748 679184662968001494669675788225942452407879973731119788872394193193606536114245665519023017934744560689940253834730366325448913354306057567710193246865841620821121301101204823277158535043153082861154858004583115572635981297278090788911046853104270663507201132940335732605281077908279180187115403977871296368654360335372648829966563758806489806712465069094335180970406811686457062743958204387394814382850484986254141986594901194410622734
749 2692724578214203642188914538899919637676143139204655599721161159346074462475416927818594669294596387340644489834192559582617991053881663128007751357419479114674187175693147609044759916310705780033281756943938960129617919962684628769985858627622833539371177505361936652307324256508035209625424884491211320133037311358826070836485231865953119484076274393834689128786017050186604951159764979721670706708003869659667053962745300368839343280
750 10614505158313207024476926277043676557018583459957480715924964472730137057139601390365212330487780525918091693836873327176672939120606736347234003315562118598036777874516406526388763724532041159585978565829353627857892119418434696430460514134975313526173691295391700740249310118686583199521630706646983340804496266394472089221650528736988175519563193967783920331089417768478417531632644198065311312492116801624726194436435837547000986480
751 42083926562047444554523602229389148172638198235319647281867505354412440278981757256837180694502368491831613334087949654558884371896628556505728833892114567506070081889071847086773174405547258413651562053349141907160672229314339451879682037316372342331718523155845013984854185828011436555703207702856252895513526975205888321827662414970459080286826311882864373821929083249458846163324753805300428964863096430934854481390267296245069422092
752 165891775894882101191122090355343486238625426267522810052389566919291718680837889803716268200044894551887132265241929499766181269018039581654871503001929765028369432424108620855973323842883251418070473764606959864203011009629266039999044981750859891879337403540558670575585438799099295103561160859431093632056631858094035662293850281506636801467606175680679210803792582276554552706293309252434041744776506593193838574995793708862426212040
753 657729835458160860207752123607285622943545745371475189689521085256245457132864578087489239209294873184325342057767937770127013166639075645927892080687209132602282882732125432245475065369758287423791868397022225309791860088230840552770748314134394555059557661359889087270687916164622925400267426555849041541804596981846784974931234435479806153876788998254468763688258435939378271407327082869795327475770039200680994764068109752419025815372
754 2592895530183041844409192909556972500692330879837159211668214200926102127961406738079904763058237587110960782389902489768288395796582853994029949242987811181724110606730418378967853514588275194142764332482593517400079387154150761441949369726076290690767824905829266581627358804635849493897785171466962083225409576421807772012310064582394992041070272863340801023169433482291670597632056823021614850395581581020158157181506255368860812686282
755 10280638433208456924010380545550121848433641742349435680450230497619366659377431050144100685381546123031342486616886595356639175130929690501341124856276753061403694533530048758800030649668121735085873107128186847691613130744247685662337772862458394569370834264484934652582121436915598484033799616139673670882168322298845817369231329600563634185368748395676718546617948264074537859806150090200298967476862220698532611620745471838816626152864
756 40528303188486787448676967637857580545621051145964313794063925770032203254296848082133372753758774449293625313379550756731510329993125832665121024917144818094230339869636601187608341591121429540762420569207658833998928704402171839561960838419822145205180781947341850850223568711722979671672365420670264040882089599774652812045237119587129003456972503365623569559878021968089758427907831989543560053477403274604666696822194954220016427191796
757 160693992750626118454829257165234905706960165954196858543411451079815362295344062050440804975272818970041012284864811279825604318378718826633184671291483928586000497596878029009353528412561420215251334697015605687367848430194483891793633180810872106867457815254413854713753650438156996228596102823227177497488049010269184860541836204825937059890843782879059138284961664345880789915812810932840337843934952196466957242419684816684043196530104
758 633528715895448506474137504890966940677119003534517838839380480509460055312349212140219174681019291575345103027337640787310832841343482744018797993131642121315361125723660102981080418910784183118626543697788223160132527141908842137142015026345634414239988443402711088316208472210512596563053245594679542331765329623849834807785595480901600134869167640287923539710581482688016839372917471661411117421980544834171403788607268331163137402657570
759 2512000508242539212562270556123840627321066073256300034516894063475971778904294567353265738291971608018354093391793882330064558191639175526426040913463403728313710502333389977964053973453708873102147552483666207764458146071499040512723953528962481868278338096853476683138133792385376964538182865700373585863226860232679072600431693403431325223252274722676822706842836157668763800148691330518771467045980437986156552562258670275649696621383642
760 9903463898895138553249726377411573271083793158716433744867536289011316200855829292291872228146707165360882810448473241353327945574916431718085840645766668481170976687151784895505075978966478556803459830038474848845216119231535498503738277716346413591118782301161370504323195348157266921035547815122820268054731332700581310749083925886266263419965009916242705792786912637847641420821929202007349707562437774813775013041864451044098913614931032
761 39268706414359725162435756153942210846224277813495782085587655048940995048894872784750275467306066237271643727260781340472059111543595319438909764989838426577626178691440966656437144887448843986094410324051677398877420384407527306589241767341171618978806478876306531380181771411686803068283794229693741445585957009954020223069765728720887835685864277016817219700520385112614544071810173529935450993846100469139814101337192661382437600586765102
762 154825443280247653777404639666003657291504879609392804367328176852786615347065268438634890292490112614445426787980029187991606269110987151408147919464717906968371336547917746287272923041477854352569247612088047781446596015319777514005028156566257573779908419367844516653725848752777052602507711761634061838261576659940233293405106555645365283682941828868929340627349135886352117454748910840563386679950026493529908767042511450301028954720972866
763 613923058306176559548390474878537439319868586610054446597221736734180746423108435459543888649052151903476478855807518539912403173707712291096897180738854284940218553348883268912794353273030712890019834184769014382576676555028254589900220891905511666824054416114204927517476929291870637708970723582789485493150357374738676961591750896341285274740280393829577728260023263715183778888272741886571556381284749376537264455143044389986896592596822592
764 2420530116005763961597658082841296667766675128218228378063512992002308966486256793268972045288665671805525040073999540576343159482440423457922558969333091902322544096264082847450587398910485889708946023631649782583188823053789011658908591942710439536295291383473527192932981061700217833451885299551506210022497070543528788728540324411422686330441269379119230709346470182040498245926877920729512613118049368435125015413024151455795343742832450380
765 9598163146262355288209094280876109609464899655044694551126074117625874663033468022524895297322178680264800321783328772620128313251166842031437354682376817653864610227322269822497516653187613311500638193991022839473159252753440194116913107374209998756156679566394963879714069042365055611168182830182837003402854287897689371752811464938989590880001060719063763093894120000435381648245849815335733588616196892052094018174685322037829985986826206410
766 37845346564854319169749267001851870255870155824116579356003664263375683054002227367271565551190417432607001764248646037663376175066136295251059116638633524154862830151520665898641439254207990748981094794204594035531196420207550214627344613967440259649650324819033760306117216338548145885748431244381916560541514859656287842329417652628214052142335475900213464327926486343622112754333181918331211347716205205353857310643734292834457575773978221634
767 150072835861173454598991262477584885127933970113536420819663593563529451928611206238923855847503500827509260654501460663359561871755068775273714578388150700128581387650981093785462793093203593169525260495414131417346261269536767766945578965883149713412881746305278475027129107841845997268036512181249244663363099496202357340909903463851495523990792156492145361650930279732414721076106394901839940643730148903870799792497314633781525230558691766234
768 591734840017310478836593665025528047056698867586828013762858364909127144288608793611153762086687552767835343739800077141676470926794753891467804876985908532201555908951861880518161630809125325285163749500324224376558213281969856487130571091541907154044178919562077826906110412946931366982401137688328199221668646444877095402619187758417154804749476273831294007655383170478921067322795228695880425587513287405426280766070913369257818980605429364890
769 2346511414348645421038880790547785586577285833180475685288130607908870661040032795544083288684360909915352158363742867829521931026814386918042347086610709090299351353117398972769569397723403743037441576302796420560747116557867708723468135300847877616642276202152981309524566496394967271150682675915008303385898318666963493825971746352555173529269827307427076128257205887498561341216084197209647866456033064375531969189727059283189251073777567927951
770 9252850616794880180542420088645190348317764421799586908318444299996029712445332274386567756091176654961970693004835679732737609023726871796381980485582905975072711714329118050271128197124063514189765998495980775289708653152823601575021541369021090224835588255290098695067997462811103248060427477038991686107390055247123611462412848584095787818526053492415526453477382265011212036161116329088100418461587361780283932618579406566790675272929516356958
771 36692980796066904727390774727613574810827402840244417050959653977621020158953146383826482787459571010188301354304326435872106189605901628806197949411598118072383177132278917705172473981198748081153846824884260608491233337454387780288113008371726056189787289010076591147281524459534685748902544425648060467536388591330446391401419155435953407983052825102607587333905948291181070715943336463902517927291801970266872199308495650986049389608936484855050
772 144689373857785810256075256452834322328718120772548636342623730276098696687579046657108809742632201700879094928547587240629430198142441037659415925893932754125949400982365074870093591452139244078109386265982138114266254193765740426899375991053739379353911057608537544809952923733691761514029963866896012893861529976085449672753221286314650070604941253676214284939369586977084760739906430872574202783639386796128876127368670146775857153140817961804414
773 573786042852624673326666868234865117874338600681929794060051246927770813228427385776492213156152373601015274555865758608729178713662920444123467606323679819918083406793352361539823748998279566156990288931232436815326513186804945327672437091168779249633923431537766525154028033489635410351925998462009204079206666006766159660283292211512369061656996836188434719968360620698850503862176947615290603303552988759463037163266617847951434313162309754015270
774 2262720614577219995205190618076332613168250478148012624889744067771628537075829303583270012001744668779640607931197019676837196759676063660743445513238122752352549671352092346629481436066082850852270344821268328510572735343420053767790836386008846252501964637087093684849733863163605167780750476988972579776188176140851607607354614392358521645397067141419287016416036098872618836139126803771488635605712763053401548493352944994199814813837037039923127
775 8973379095079531011983554877930639988381714375003662923055593385392767709084977172878593958352051453811230704087173842671269545983954646075612189416097577325877651180760647663641385982584945344632104952671402407859774794241789939002324607481745749731415770187551357086037643767616161716109614151740709273421705992471305587573158938216756496379952673809662870786209824766471866418120163225409138064178845115195250875505502373329728541879363722359780270
776 35386500628822481413967425285397258452022580085135619775410549121783461800844604060993660308476287379453014205908980912823213437118788119915743935420130850804435678761918383950288834643003109572206158906238035675144540100602744496593969947260034412611173235785317601514388863763373845173781687771474544981757060383869802923348182040226407968065365200031131817375007837255423781869514868096303350567346727957831429502886111877674923723633007917511904715
777 140335809832165128248340470270932843081961505566368084375563866520080963889366097384338576750076698754389690484367684890255264838838392938190437163952193883090361151250598639851046116342517389945581260224694038445345482690378842626937945140919787457367155319086420030412397863876516190792012120499081740117811108910077639360523048895660719198904262345340174787375012406731696206023631267119571867062840957817093598141854552520629195815318110258190757913
778 553448771541055974669376576425857620796434761562335592279264661845657595971707105624117515104270499642798976621832711619854974880582429177704618892196085213957769660703585160250250104732512372163269058219052038052591498108892914718499095800017708354868690940783911972443007102079580429990623797298316203918920491144816277309436124403723868234995384565286064123489159132617338484395137728156329032960295550011314950610897171752193479807469240124578138188
779 2194926601143877852392938396407969353163669631452467014676599996095251379833725474781754705130326026362589668389571352039400534510162323914764036647595824934337362457488255406916520179623095479191655610621352584019312036608059926471845427234596149563922505504293412457165802850646814203327331811662155776616246581439749204885611532943214338225191958016628444634425814061143845108372253151680950009095204689527787581153550242952242342661883906571010690864
780 8656247017728392538824125477956490164246803558629898417897785079789459882477460979756914027725713905348866435220688829711220522876045962734993283095895082427123244348593200810835738542851738875163312905926832243983015696524224636708304478971349929889413218635365689466380118243301883163750263943142945095792235803189578824234424689357100078720166260602266579495856434424311729925876446205664437406126661643148753522763377339216913985601404363143652830257
781 34330331160202568289058869686597171373860806487938253452543119608807980230103713005806313824239812415154301109276967436838008583383057027419388436970874001100252630120224683429088455432836228245805213360741732683964310672916541402562431411545103273582686093387723196532818367733330766336914391780353009147688585095392792369477336234404275689819507027663406745004817433928545107130781915756545859942446471543603173573046701614528119112383177395343790229998
782 135398688226402563260191795555980229180876733844332048796979753129783856552494506585426197958065162621402899202057083654771291409868611215677192046142951939465015364051443362337899063804585623987279323795776940029784527274558547432209432863895310108496272852435857090110161345598330296196573090101463287310083224028270074438891652379232622220154791864293516266466915399653145492803013255557020863795593501268033386041893364587214774069603414698847441359782
783 537000053380138972451621526518520936437154906595333619337861360538426949558950300170509149625635905598228859190826233184942261283468379351895192427225633308476737189445870829833626529784859107590279925484177596245042931936547933200833577916204976717567633854444896099465372520310027350481756542364750909509563483258128142499673112468300618501411366621168352855634635419908002450400986454640947657042724389617072409717587475011224519855983109516193615579714
784 2117929014563508208029358838998354775328809182282820379334697982149926727217371831679753154991109483828649767877289621202857708521324873167541273510094887347989545501435706976209941727382602888178150059757691548418426893032747477346565456048073184610325636160261343465904180548733927234840881558469044229622569613790993220477815814144188984516369876977125264480908553996831884665768816325556259632153656511531871787492096724475925175214333994199980258567290
785 8399954994168429007889863814714262121871413878218660191818901189458220893869757233759619133576516911520316204244902578291671014630618934252442060168907102494019855816436725654323079523774176389804733896663288592498490945780030663196570796606245992565021776531027695391286686811453172863849369852233891080896593929359497095348423800701149529805540910438416315271450673148056701679891856178869405451221554438295716289711729792367982358609714247874076445124408
786 33131482611899374548233658937158485328880887873262346549032499472320613566007866094602463013163617755696151130341667010686376628148388962361560880328010324479139231094510324815957268370945668519820577354508731551915975784736964533642883374667744032507232348846952229598349328632102912028125912675126708433541369847179109970369093280535413854906701583375925469614374576832681758369360821205102226611801487815287636508694595402000803673346914083267613122685583
787 131406818373721649990814223714820051449948850877277911713724206424889773170545981016223069310781663222548126492750024102232630485068216446734759061877083635375720115189454793107772062476942548813755617674197918915196825001089047166130381542698187085351824504241579970453716783150349879248896390226346404895829718853394009389480081586012130835576687219918985612936381907090176825048277700156085716600076789658680738482086138723791642344857018634597304246069826
788 518301526534457104905045787224233678520291419545061604500429578844159218361615155180116141702964450856250478954030938673776138468877896520628154271659608011240555988154098705315165370689319557227738366583225758350373146108495938044893698003630688819123323838789142694192944015692068511027318750684753495806024343662697343003684543514641835177704116220563940230034959075880186389694638780198143133807919911363050294803526169693747159504671747366916974134740292
789 2055725761757251203918901151928054259454909338740527331190754908524395239771793903081561583942974477163506119598086476192569525518580690494861797684164536730029932917646002270428615307537278514775908569344172597695040654256765110559732454111416564985517397229456782509701156567977959837347704280840447226261571802619856551805423554175116050229029607717660249404654367677093189593554666171339313832195768308300247936240999612467091730321329392622417501677799034
790 8108791152921063668495102736880909725217171619267961382924141831172322421717997064786901434873659884567979834597801463247129494824514741732553876166174750898933545628866465823088382794585701259531818426530955014800638436595984972695743127297011906765995372062720628030611954045150231703990090570131148539825397369541677113037515792963249975575709341042592465644757894859137282324102959862294729027778543726465842621226443928913593372997823492177388485265988609
791 32162523205595877852411601578042050356686958437644973444514280020885493680573049301651603334813011770491818194990183507201730572450811092651741325937564422455848582833347856804315147893029307616368877302001684552979745375719368127398954054341957387651909135776813773211928267614870648494204886396759069135067045082516650662481145462507366883289135331157966490133159898528709159818155009777419123607964118361894089910131116079650666235866599826624745559280340349
792 126864939341682971972490443678237110803943077506485269989021024413505025198169662125686438194860385428958089739530046575716022345827794610329054076469401474377516188094514377946825441228017111142830199113237546730824748102526299603222668358506381428675392082646581800321319050568542345845460218759760331503067193591314894831343800101194844104934084209578519839368614597225450539093303588840213173779809406898834616715468318553281732579072781398198688255575755102
793 503200641024124676757283918327470422286869903838107614490984420998271592104156066726850692430534181922376215414218943068950425542200991817392345232486313112269829415726147156686649630404354680829242166206617785277647207929439424652060321767411398780319071862354121920527164495669982242255420941101887905411739855417798622962408919341604510427601405389602870556588785133000551967925411193539272320483604423308227740384845702160469973372356086219301421628530306209
794 1984993323765019320293361813974472835436518186159426665873873173781307348409913099860476096516442100658530358690691808426191852614346332889014015839768713426681661824864101272773435011216091753014105869293399440803644807345537632201166330999593458883086179082835024830759994324565696017456919956816596611952954888177138544495753177045437612934966058317881085458055628147098085959249784436700383356858544768412668433726062467920704110223600601868109779872762174543
795 7873537087258017767114007995867892332557208048090589434842779322450815505849639668671014599058502848646926073214278906732600922063501253702426187581910685921626167264145272794760604731266545636880216773008286042756850525864472119408379384882705651980244812890190112677963251659641918984342691023806762328893524044385944281326868238745228380995197342558343756108963850240036511007434847105668462577623352333664955659055272695347649394391094146335722742208838062764
796 31059064808629999874020470764094410041821982985984135408906044068984063966045153556048591777699566120967738349369094145005434793257166548141530699207482793528056729866781319786811539143182405468000504343108976975416394982747121807959470396150792688116632416859664549326496128767587285335412001825109668714087285962135365050229602119649114104850404118533803751645058299781520218649421248041539625467192965908006648371634535428509985623446187217077105575700046690896
797 123198309312402442319009785081968142163007923601267921040219795805779969262136788137576872725633123308680092523227691695791479509101587425926097075601830863826521771817241563126075440146505856943093132305930970220440247041328689734372465414107506741575945670812184965752780137621370431004811603298057332454666656366377176087982970908529959003841659783409192880627330731477168396945173438396111028568642171448143632334760516624237528166572683166529683227066930696002
798 486014398460554775386919124597995560804789598162296998679642176847365379177031820664214676838431518848532906973759701198675724504990735051004450500320794804991529783165477952745087348873674895547887885037016413977432325227431949402669135093085347879775527700841428659991376218306213553943194577131409495991991292344121200215149361216411434589843493304890215100895854669385117925853988099927499111925836355943116228984757086963400730877705794013211298444072657231267
799 1927864956634626178101174830311432098414988512677053775504300949383932077027465207781989193991761828812976228445831692192077050458231034845136372431858990647082683774146069319337667497191697804316934029409802091710736830644267437870915393498522999526556369932733837300831017911003666093052406389967990534928920221974300489750900028394571421271485017370326757668918009530970680173099438193600791513326138996527024189531765238494670277588432465796685911399285134116079
800 7605390643917043789407907954481963385442131188351485045246948453559650265178172552136631801341598548101060680070369517197859891529236124639674412756490931247881593306312494759490764316819317719968149609326341191573881359778555070327905607043325845169420656333099456766649351677134034450469461491784115454769827796165425678154587149460480133327514667804029305046526780035341909173224078234838582883619885302428871072280764493626094013862611782654529739969694900178505
801 30168551593155339013007228313842475059901157708124980255376969026566912131384001022576200932482548714502531544529921611922910685054141405893802219192157541039911759911120577331436605935389540964251586503331303243661417700787227984278625875763716770535946079279469002252258408110032814524423043311813040426909820074233117286181455663073172524964481385153700304311180091195426468608049184271906418319682157226671855580090037236288143636840184216497494669195600028797408
802 119021462787973274335596308260086262425446113363045654607488023664555603056568842813643742435017354998001701888793417258738006821889008083451418777366735725045827054593479748147690702817660601969047969099473200010842258944875516991251339796861545572420367536830793129214580048090086073708997290615975274165888508008985565997278544305544484215211120780231780937894926304173787722116699577667821845157730912014340058945830842315040484927955301463073842015964401763524897
803 472138342476393271962462407075270257895666058172675443433240937416896116132870877787551333834818030864174622382800233317870280778319824990565769236793049864082202896013919396502749009861538875764634443347831278102961256557021869611577746384745791475545015595861826611926397281075859478945896949036938142867629400000132035933525038504151233081896891703682158130831918603430201704811776067602262958349391264471292205894577792600185672983051963050440952085318669661725014
804 1862690459146487207268317977754794446681973030869291457268602327966236875435711032672598034287249297406685545953141756714599304011452091817195916784959446615415572739148688940852091307387370416495723450050934768180258009181462206555264021618009874475700018277518780914398989247520650588357875358585809748983642809886963070202226818985567276907749862889630686285462140806430169872069098474487423508489452631393827852251274469044996397189860398661359763474637557527961742
805 7389075662057646628488517720098468784534731273091176641073860558848659603469269942998481872686549986819156747679468582585968407156508363935885012712200525128722801699784292768943451494250367285951583702739892105788575217664578726150546877887693403264213097575310848158333252992760695210230198156249872984144517022343083989375548063501404379533470017926769655895008563602773188607801208887509024922237505269490971717757272533645767445769159496186114133998361892409356640
806 29153249697574955347755429785190446580899371977787738583848481719174405279819540674442480825912276844155285029972386112068431777697747948487063502495943716586916018033857598581369599874826109235429146324990721030641581401244304495409886044952492764520424735280616460117325109806286753633023235272277664208046523704610204404558695232726738470700301727999596058689731040498480458468911450335893897852537549729632911382843865215391673815286981134650690875260046933385123240
807 115650441443938913415397143687526188331018042533247673781815529745986840061145861436473249433041688528321554308942295994416815560352860671474267407953564320537290627082764289130190127741627967859375275452479097668243089181709052602896012074968217635469680672687808772775540657380840897445565641031098553406667846957161917731676785141095186931967647280246088542768347837321744220398697180370217468208373443531168220112946967568389694082573057105620379136007572438189262724
808 456293881921933911059247435615917628397718043737885820860827622487404466855552720761364480777365613673446574593742560594479468353912168216390136696016034497988488773362540312813567740670310047411080646969935129797195157989186484543473196762797692228962449401231547871500419025214296091924064418920146850978704003725909104484142240606797125477909461275435539381735462159636472570908914267817855058469954745299899840494571294853126298296181214990304398149216859642349683552
809 1810132309020271843228036776955973323147522241226999758175139338253425173475462409663905552927632647342294122332941909987208983523212417313302718700324361387330438812423686151205549161358381205691755154589634569224319383051021358380603950518497398666347833564198084801937033095270007148862217449258887913042795440053522791206221325718400498825307924502302785757836734535408733480172003010047014218789574026584561822372867768287802286875732171491322004738151601616091153932
810 7142218355380168860188077846591118031548598021574319792466145953426648470740133069716862453305318156194656203368073855596903608198765132596174616519889051571043007548333538034553612034101490752935867158575739004250182747386967851088433722094220523193163388052838997444581705127328242435442264857062466671955177375683857767974991989760616822042639899249945033464390339059424130567216507938130058840267159191459169555210824241114475948663855438107153578139661551073977927794
811 28334114879719410302688314962862207929644076550070761079865888003181205664881900749251977077659408715146459045891003911028787368596760020152951484339054317024472341816698695010909600937574422349884104853710662277175078272234026916716971716951867113564588581750320306716351091777648048261557644098654963336568410352583013754624767545217205074110193900675453852104453541666854451443871295854462932072745055064099167628767512564785158465407120545559066229634370447977734762265
812 111797736056658259439164650995931578971365995173729055993477340757389444908496136787707472811326426439595559137979693496519790120226518807214684505090602302593336091142213592431799876540694871417952672959293242534135606229664000969412253239671326092074912851548849598890702578464408777966663628846459539246025013337764408691120004779660151565583440970692538711410724108259438222330438259771405468953400074331640959781245691153447457943247943822305810001145481345129005370385
813 443521690094162228560795496740341979631689168662926520266442044947671321222840653592177150450303181241299233091257362833029276806493578586057884152239535499783106860364250644185171323411938378183508348686085308716485530175424723053285595260454469176500236315890835906034543625330236461821035942573610496735693753248981378160008619543608068668395231450550737002180921230823342284784349708873110386703373178702126409535303392874583490356516002305822603902277128883249054120408
814 1750101461433976348388327755829094976726627883814789895326046415335759546206733741983686229506332891585717158545014382342169817990368330606812774406718803703221629332982218558582118242920538333419491190665405742762624584913658861565724653958781088311426933410962579947817739757773556487789597949903058018911309791474733352594530454258097348937500257868730144263440233048223630275184058560685016528235797136513830529194976988600459618495062375664797710632519420580271642308148
815 6943137811712803585295596164764147794418554992219101699085182727239674731439262195098658619506612302469749537176761729567603428521003805274863216355019522334021718627790058583294529201550752699933729284453251069998252314135607597848246780724606674646083649793118104854416961252691547302855053176634071167448855691155566347235076057732767811394360560842420195214705047796935810156918653706493623820544551233718982047188145862073147705168041119122624995002304217688757260991082
816 27397100748322064021660368222800605425305087136030406857891300060493168688254019342091175877674475651300832980300488174015207994859349793638345255785335146450400794291824033578964400622967826262423696572460459544312331106043434603658683214982733390980200939848969875361710695621724886504912496321894160426991914224540197027519073602629910141179892088209741417348249429920408240181681273091638503675827254239144452809333125110793253627411655692277612247312867867373026969785712
817 108693209205450446226778469471231716173805426452972444766103638057038242832917978996273783640181420674742890584202990338666494431696051997938652498950456044536872753289394097670768083801302254390366357339302611531280987948480066499160814998363747832605704310209837608631020477782373845438728150649299549505979192932891573088209931658113148070993737210314600368297442454298967648386429732616261434605617750073759499421519201380546778234321273910565263533056752870970478131599406
818 428919958146251893933087422605648928943590824719357260423096360693614813714970655712910919996536729004194352754208783164210422182130334824214770720488537884383050613781330765547069332131016304724939527398544404664956577781045928417895263215792842379985106084903994366015827169650724400323116584616194907079713033745617994254483720869628109092074402373033962531953644120171943395353071083179344409260485788509021295439534752266680817983285612739339380312412081842641991859030995
819 1701706741802026456176056448138339141692459095285537968934008539553266603470808671825433585903676101689050849908778677745071165707669969192435668527888677289714427265170428661128293000441246260402020782408067960180917887093838744326073190442723623280654467658806107895273597885197337293240456282773345077093111432674298186790776171073490262878581223156628973767034114800194597382886257960424832991496573591017963963185683903232322696577992038943726608167412103816110088292438908
820 6715202039971416817820099934761022417643932499844868180206868756728788681147498908379823442074424436359474997004698711051044686722152113388599427245172915657774283794231795100019802332769556481119657408210826657566252003889758811855421249711401082355266516801228917517509756973247133275345076018222930454113150758582005802196680509751432407239436791479729197513020353513890097597934012521098302221633336968738305288029950116112434677198286499666667050312808766119220487186274270
821 26642364910365395993347906768037653984614048138013304376335286100577177355292928445199309375138265092664398215456062751916749867369060817119052713626622591793378452623925894070598372352228016705751551559033236875385252951127330082982894829623398352592537595943366933097151860233238023319875082190145854216637799158816078878420626351416228122155348828164689803864940122434097760781480173741973602692999556581671721206622654716161498330140218349363954150206325824242259746066779536
822 105140906103795812204189368706240511358054829632378001141738667748886108448750507566487341176412309157381342708567005766997192891519398297755204351424091002165180561534122344552697907757447844905733065408764688583293330181228332212760499532852107482403022074212483727091424097363836417810957610274219139488366985244035872653015357541604225590503983529809321305604109904377897577359391780937344428820242651998212706637044031859197282264830308260100057774360261620769089662940977407
823 417153524253517036522136777317087785495013616281712872650101644450348007039845451747607056489261054642610142008478617917638902392196242554966106493609916050397179355643446141746816573005323959675767588005768129196759825244925955364708237209594271532111912215051938243920656027569978229686830962772977402898865070958981545045664237959258301971827514424467243774046187228932943943385950110307554582039528740637317402642024359908447965413255008138121175819251199476448913743475763359
824 1646248087224100077962008285779050285422070564415340041189184066920061885330062283031557078057827980893785828606632693722766162282404736502227675910921239629892430116289862664116278617160136969705457113721991606900799580879183307635009525584909271266997103240867636533483323398108002220463567316230327664169015333630396340173761410787294267980265260053096329686260426147412119997206721983969829887691105404040803180143921016240682159982306036934260029137727824496371314703940247732
825 6531675937664213582437873245640803518650343309022080264408792807824500494936525465301561885650212368303760782842987322858644545570851306669943736618304966051595995151999285059687458230366617680899866798420007176349730258970602743659981748105594638744171885499676969974514689106274703419305862705871693456395178847323212011301595828436805222990969095907755860445880760561026016786157209176323411906723738144235538412480548249275489988572216527586785352521626751356886476871069048885
826 25777962539918594239624047976002857348954621389146774905618685513346822143410422694676790449562733603266130718478437989197025746566159402528801253319324720836785516297128333474044683918540190539993744730025348746799274249401161256556668700739260963189178121777398480173653131076668605297714636938155623547051060477564886862521674151824538802947270920233583105918492501113824592630770895977320832210290305068120404549628533591462472983507176854361054253568327845241661691310364517271
827 102279454679869330420365144776022289263270857590840220014982597479733007817754453607157277127787429051210537402285861683686164770952618371891754048065611046078090698992451424283852678997761545528606144188542336276436528392000603275242446898527692803239163558832373283865098177938152753359960951129399565855815072538803950469680175433121056595859318459887210097412960786867386093733381688337626722465137590566336167724418261301717675358165912734223104406326797347399173626397570636044
828 403657333168659722351425325858018317401333839076722229305068859662026855120342214798023122600693030528489519888565347076251923230946451473575422608773725760461862805339245838411709625118694250032426724226072281313827768608221072071311612951766185024267735340592004222012843118342787729998179018703256692256559626008288458418106379503978609948330049108881174911440940370335468081128981770694328864644821709801243865400948195184244477307874761549652732198141937486082124544372687408238
829 1601613733614576437463186770144077839183078057347876510593498505322134411614018221933019546840674474378949943779849935170323985305130494076997845015912456408328841380528719725773695464074994491402622742645048216035930382427360465321706506174236103931276750691959636747451017206243128668485205756812123171787132203796713776717807214995171586803412554168967481488911444038163847255627621582300703091953835674981000837894793063944419965103100437360640270846713876988521575111656291448368
830 6321299886261645394985612683157355326888244703169918098789076085565541024366554372102433688245426217146279247918799440306942681110925402364209168033926967104697731016633268967724404116589196619294330283546415278282809061012236633272770931142765912325189283016639383272852297519727746208287015844333374565835079698066506052180265892994268959829697286224444873797214567121317004613461336279097320080339011046942173528968579027659482556224858704801858790430326202455881341445754846587222
831 25081970901397571179996160659471927366297293765431830975827793710974247826424836852484591667445942429278458635620349438111194180793451565274413513461809004533406973212971704722012682107702777353716659131454087218771773852654714211102548775623629780783574327449791369872035003853885458528783588826197900594272310807079825927638562634281402334075840044272877598264021887224289767500179937205081426137225593736698110584677742103635851175514188119959956009550578027953562968258002933534276
832 98994407539769696956092150545282784815232241887679988463550664798097706875695317545143423179910167964717116654669129940846276687062917073891816514827233471617943596206316096156069318798511663234161787028514310389135212397538435399174448677946914967484451581516048834907920412549584325275914491730509240960227257728665370055368350928704657482021864393898723996182972131542463388055111075012419004149009695878479271528323046464156645642874388819341901766130268347581573997730651889372230
833 392799541275654958100072309206568022862122399723203592742546440275511638127591564063573111041803650180735761093888465958526863564651898562725576677356315023634393373149190710761126434576398677498996745429212851591165172952484851168292476529724396075055541206526265840799967368645293716503269907014040509053674448563565708762558266043281419357230181770862222606981351253039563846867624086710313761710450914737960721051313891384301146393843866984766707178413733434640912997965160799639302
834 1550401419104827131769006361917852711324530864213266803678155162471039163657880990799493788541397068772900724324311220644272046207158278862794895347896861383528931857192637425842551648241332138215904754272838595343618961377412486843999410031116885385188766395783406592456311566012320979853795865136942172185373788458600088640390100301873932997334216754998545840928399800429973035322962307832574418538913635367988673342738792547436859102589282500073522569362170986446729877560085246907486
835 6151977738792977957650489450793662447520385645295070148048667208025976339709137587746863298880578036518820302076790674250863015505314475037022524251982551710444707705790662690337551193887612524969125804519766235861559765266435742276527672332415148247247595646585792244293007333582825512339446474340434084528273258424173608057718935667206028875169188762209216008552002691025835358652342360906584957994107313406972508867118899213632694584955003691564877173669384615915144422529130497000128
836 24282220199591874412050980540140600956515823607089178394181685863124012778066438256498560317904857625996519754697833291378526162557973205790670048914571546786695908035450143472135826735142196289269110717264193731655431051733525779264027391499699902901447859518870026677891727573440781271443878290987565493877847264901941935756213246108031144911032377189590991418962821193120109637564273985615858750355565503813895278591721472498424527354525328375877430769528597439619205253505422557642030
837 96352728043764172990277686243842643084665930772068454332217137315632234448728236277442821822478645697835870914732289264945013926968544741664981638571252189701370860675719138769876368547895631272904606194348956082328982499215091185413866779248217612147827135902210081414363819543564655687542561358395461534893307487465414361514875165657663651587154664449934335333190397511632282916626134225767772152205865522933102949519724220522239544078210968859448434572347979463389298944164296619076530
838 380330728615360544774627194370782668884356909104149687400967395553795730305227818803044758353189118414644973594362054229968909140013101635579841895867774342748474727231398714449444240458437716085308836886195018565938594642143842710889367518725330308342602347515476818994723516280548490810667793462522082164605751637348168769535513303803142163326771648327084498337999374523375803056003456937864152468916167220930574137506174972422695385849881600273439216450206124337076784433521961679183434
839 1509201351171199037826293891599267216981552661337996909745048845860076011360058075983727025796637683760201643248598728151111943827034824087007417338360963433546106366426102324244227564357427914004194860459741614182049953648749774615646134258675780344996798093815573251418811022662091125108066470759437047362971825617093532185811140256472825562563213514498174760305661808287117622278698248148999947402077694178002638070432159411583413494483009836221445495649690319707760639932126779159387086
840 5957237918364491443398136951141734615804110030090044966069668499548861404472780180787959712273557122233407497845762438658042213981242042820936590303092651249547532180149068628350940470602243759513638754946877407143026986191660133019072438992169618544508375013682164902362000075337614675056475640827608729597585969167526372892684076166902292552589730986948006017081560876233354198894875210161871125477226702356515548678323301467370536419344132791865074761997185704324862428981930405921594296
841 23639357250799125936233032370408156234334507076577064604199688190628627707437906304427479858970044250203910102461207405002237761996300094411085147110079245148025423909206867526605157346505419211682467407616903964536108615021429462476977820018389701729297845742601500652395174438222081907568187702645979598784393201140451333844090229509985448843211795626458357731066385322608531900592984848890500338701561171372542902714711306414994621736227505756170636316881005758512863237526581891275301086
842 93316233261633013472384541632236472426114260048505741574307002660027836792936711540590352455722467588293432473913950000107479168178993149530489619834428606428367496956389620869635870543299831095067507175163652030530838592779193550646147546549961583269983261749426906568963134787608405736531146582220959216830501831872942920943085685555802177536880172377575128943937512628043359748900150887686381910999789418780683432409102104055349278632764205140148640736198128186770612962063804296474400808
843 370303677958874145556580446195385842901564793942096874294306215804516445878576754259520842079335528578435935167653369317276707850130152644665168098314330831577494000528175637738906269526447050255670205944219701089532170347625479597370321805035127522470141679811763262557477462799646536120348298053912953287941948152609366403442345268395956955062110879016473929106245796859338058338048600928501974175393042804435143715141336306088842753866719945254429968991627037412228286828959940329422555220
844 1461773147965769699653487888601925060550926352319298079631560617441997952002421586089367605279725003295578288750989061006707585269092657783926603531647312332172152153346610402568905231952245411971345818972266323504371701863735609084553262040863576200652771719693196864676036769265523195682869172588818954339293813063545526959105706995139343351246390539791576828498237396978223390750285053509636894106368715515516525874621287424690830156377579363417890484505898567892888528283814017807553502162
845 5800771162362150335860469740220941458153950764606147918616830079448030619238816317432420511414901430142183090820064902344146645273167072314577962119383091550656369637311776789162753386321474303633205298537203751823733126406193481996296329726360123837240193407164092381612720985112399411339751265392541397566256261361957656084794055521940423178726566832861901932086736334748636340900421510467773490839026354225096246492787353078451756232825724525234570172061011775319526339440061946819892716698
846 22899766754293018653555531613618134641840704809199503208258409282819999364442748237565541068663904481612735830202805659251497590534079527909702646935864128713836332912479880306209202793742175490513446970840384200421882167421727098380205881409162498348693978914216150501350657097196381685611501824136654902292144028021936483260425216608146915163480191298336421640238086414973575008466727371456667161492555047182401976474589657310470652058603469655838273537041481867337410743930528927651552997374
847 90875493986141880254346242488736197499311176047385245313202009148163925043056286499729917522133293146690533655191253129663369859245138904214420444275653308662154187684005776372038438758037808763592874809222224385164504635786171227816170421137136493231012058078114089806231015543338959479336213960469228676851301054844364651980659419317764167378400069742879298700357206820101035424011310933853494875058759187566942084195406421691771002892459783887145134898740589749906986507559791998685391159196
848 358750438543836477943745165100218787063288909826122708932496456563236995208036637998511189015530112611821570396362555158252963091279361304502329299832459172800757376648442130646121878280654914258879654494416296555814848207604220160493977156277239100975688777439865482582572158871587851593507007088438778225072098403449428012369223103011668608166222425674982558045513015061662981067481907642313102377967321109165674334252053439312454338593577587331094594996429997431079764618934732953169147066354
849 1423682089972283600642386346917944516425858992878610702000923269212396061791909488304606770203212650572580821933654081834501152219083155377436663354647660642901516419402007004484981640198690814936224810049849138601421751763330040693506798500469478537975982278266852517042032722018955460639368659017383602686164945128032625033564516446185459272189089297973310500769749337100030161458443538529538491183666260710029145260943230447475247189406271222284861166759848536418814676435353516128303606639298
850 5620592072935628729495644393390882211205215983657252972418984319517871190178945123893728870004260091894520130498802212549207468901453180581065834803874921114897138705950975794479087557505206074084311823161469065857491575825723771900365634994618464803819981392180282452096050147721556759400594705109873563089595606482868903836411232266152770351249939648567416229187631002515239433551116117334374736278725888312076970055804079355067234177935910337307472296143423391554272706704817429610676361472736
851 22305531768558249931375058248094691080792117429028217714563263121197360722696670279505317128194827460748366078350825136500902891481717910075274424095461456774686022047660963302248137162710047166852800834525794062556736219830961630199671663921730936354423398267335939434172852618481529984475671253281484318537547781737265869208270153921679469195992737122559971359556118993135154901292846681662720474810921834602259745388593248317782153225468113286701983915904244706018076146769220144439541601476824
852 88060676086570304406442365445670109149169328938684926194833775621118450391477386683503480483134746278383528639390976467210761751463623183818416027073111150307835227032279396642212853020711052023532505684053647208313581360297415339700990411154442622897578905594518647339154231951159516092478422794884089627055262708661439958591315686560405903086297819848742656266073432641390578496243737408034145904832602019715533910042406928494500870453231304608841843369877477059123805198391183979712807562328380
853 349476007540596286413920186412683028298400133805029579937166821857275574738506207760882869521495694588512077587297455218112683285173764206891406481915004669199441515878836225806745915990010798562022570779387159188606155085942466925837455993396575665496526001664571789760651321087668174498260065857060899099051238841958123869463819955498489190439019307655154615467821066626791002156914162540476296000392668291700462881770989169465535184768349913331828588120452292128899369068612821781529017454680600
854 1379779814710050951973716363895856400277927940636652745689038514647407779241972799590966774240359473090987023472953721303069425672430314407629065504563265800027317824189679721516833985906799845279889419130133763656177502218266565989186558672782076151662893490008710875177560858951333432731469798658970197704429567331987930723603822767983129739397099317877948934227665136814290086262709712927662973683584334729808117446510237773510239950460294062269602003531378279571129415372796117150233207092366728
855 5475892818974675427605734722026512693796608104930571278631588262426999723919915273034201417473770025082241879559002655136224675869593222455145882255900541890013500583032863507957618292009542097022169375163898859180048588046948034915912694782009700904704101313286114665382944266884906042614989193036977825842231834857601347368578820766191930907926591672719267531336733440223847623740987882291004351632456258512122726737404931300985289746449403046998611630253087229571604831420998760810232457116236488
856 21619600365002102584499034914157970291426150102112764143066840190908231560348794629771382578290491886356529053249230032825815981932791974256987217836982890253746279743963792142694400708253308060267633823847506850108729270568767630913896772094133618675162681836668832326784504609366999732835404932595583384003140182707135536677697469668859930629613020163317525275255466443096691569495698930987283435900976868221711630917656217128539130773206035536346760430584754331037274877127510519256550939979242124
857 85802032888482319556939592038709674528844151522638718177272693674920953101679961060932684213966882571826520826673881298965747901751401442403372346170364715649519311885800843113982507183961557085096389523570793970863015645376797687024557439586188289147302724325620594874275548951289246875473690484838742038949162726566998905671832796713312976547058951624908848716991404348301890384825379167202444844330218970668125365834151876261248414180653849135084548782739080698465681801800795387425886601266126656
858 338776520084841262373838448924819692442811791111628803598679070238653758129898360567456466521117841974173570115550972846532328975752347714243466868089720108608474689859904429339171497112668320836491533219494332816251242962896218926460963174803515894048788706324668127319641270685787833401791489517610368449116000193102324014348148616128171871833134454209799722233126133465025217259501150285110945933655801212068052029952891139730595249762576276748795369735718042724809251211701471514411072683324945736
859 1344537692242838078973574402775954571170814499235592391289581340004912199570803444206762699117103396751153590648046255245402628314009287709449154898981086952755606630534686925807107707780020157347222300454836864284738306426915358042603040548155313296935945049217442801324621675766728949126918974768795930103546177292661684054860914147896742983954426226319460919850143349569693771644012343284469215654332888564343337663211967975743627938778488316027322282719097755228085902454851481105848089504859179342
860 5308710763510190452931360775145322664862880120670660298474905686014027180761324317036873808250257940380034859421527461725028250335264254104717278113021018920390410398603120174601743803086650885995712837976786253397583332835723244478076833535663365449187818444677588024454076298002972173608170545404286138140907963387309969703424493112443061309694143853992833468906931192847420405155937114147406761095346873775704554307866799333272976200291532300646960605127430791223980390397272718439939912804965667386
861 21069463994121987934617675228287766559875110822669416450786448898266434257188878375683582714023340399048189968059959675677214371790677616272919942311088159777313357544138044490284031050276311616024875539262903892272558486890074534635450090917411408271656936162132355252668531815988217274350569416556924143642391352244052491434935699833548882116298753694355628877083586077948122654780648560178706411699598598897655511097571102116328651621389193842621805429238674253242923799954881962027371394994573638906
862 83194034597820724058480362266267387666101287509760912533260619216421815179497628941551295030670271481432716892694971803015588779797172944725452759396747247032237009385571318145483061340141044064527905326378865608584722493592618153222325948567585323900740316789796074211762732081467528429263064323069285060289070721114742344530604334829771386471733544923485497330957757796514294052289072026260104872037868287661648230057277380695294146222162436436981169525665376050417560238431084280291599865799635811468
863 330191770672229010417549949434384293862182974668789326214183387609300934587259647715856970240134079378116001328722741571362213765530564586414600897988345036671697391714483921474331613439155657346702486885084840127080785553929601373537983119449881319439998609262312134323898408463537017269909500159121929297070785840147699802829915590948755993336241156945036755179374921307916551196398346720725164820077246190160571822528012480850228149918470915366220273881221062858551254456075006626161914539566465263014
864 1303782713054572705463920842535818021361994799380918421393436363390497273242466925002452338145947654630681152473704743982770692310414107280631004446673979945551363587735796584696392973441429676040556112971915538803226411776752703587593358758447389362171940839765764632261551392580289752136408766172748183841492030665430340267655177345906197560042279695293555851739152718602003230346698070993159317790850982862729533697310296202604845994138924052602311911241228849526416211895837523683393456493329048540456
865 5174685412159510973069176977354939796557077992248809196996799085381359164031263084952692445095035228743802001894490096536797969461131427897961254513515078148155474413927156423524302558477413815423212779779205883073899098615916837614248250370787101949638584192202600927731589154650047001585762616189645994057250662236632240187380564489711696296486600450285786164360658261580454251185609260687543205562414905444231012953631889695841960542158473990996497146962015239125560195058640966748501166223477716341638
866 20433631639219788194302021768096110962486986001562502053552067368072663590084519994499981500021208309910653530524827066758887962660909169784213602368215909678381735918977955046238173018053696162999932166280447692050044799976171135138026968641458768045643505411651404828808312548492364631851896991881683723289921294912514858001294931914758811771237784264916207288233054299615846723623347424921912066522699110348951195623468713368908446483884466241802722931916857462345654516160652801093277455306605750926612
867 81102434969004899184658106302258863647544257340820721943433253491294968992962745178074613666620214134739375543699416538198097093750212487240284160646196013365221655696032124632699663156863312015107463745765607684373302018334983178194605056157550458141343046066161935633912893605146069668234412398501932775335975463014666813033839258163417980856049454868198234154373940093628645175134777570800481241528525587755525704720818402967259977030855522933668520469828192354000894609711433536841903248664381824193944
868 320254935582936160259837808795408652589020340903644318065287167042874954005713296566686981576731983044569883304728238840941188632526879724822856233991325681711641788182205163720663694727388729919304377264150620023531865360275844010891927090892066259028339171017646704567677133089937445761239165055195153322361853983306405765394912499589605415619768942213103598701975495570654216475837901585380567977357839768005883382613608324842965036109049762781455010132268688378099710711468282200691109121284714538548648
869 1271126643526768928418797369333188196842255109423858429774977302816799081933211398233368635261644064436236041120536005814315433877372736657050501950052436714523005306469028648607530308378142685382003875149600114833095608767851471922868757474646445667983467015824781649668844772769085902087033835896668388254748185238241818559442293816806499828626611269024059492364758829644539615297651703777778924992316364466364099317410041687630523413063984128118840739060230061169931847859476369895633542771640592177067440
870 5019645086307111978789447657806117765655558752098045339848353308171152596048642853076988869239834354169695972184329191495927608649920511453414417902944311947984497168097308667399833061083510945517177456083610110264834995177192926525113380725009294621483060234397773461803971332112756603980394884708557089925112656248745373463966730809605609076018517782032073081487569709558104984198835752152010987220490103596807048108427843159609573338404278317539684088422345450032369462862772982517564180013639556895250554
871 19923951464783745799208380472326501556518009329490917594658790129345020803637964728736414095341431459923785424188342503099286676224648587179726407000038679278217320317629691990654922567402954494865198444943342905535165199001440794382736409493848122065692731202582485099183636050273181268914140358265653384037396148235450929526612986317297946940435969300074440737124505122394137783059844242923370327991898738988471831735017873207861990575727829351093904362207944766977055147560016029702063665913145567427824926
872 78679195742722445163882467908103263664761682370774496252441189747608508830373285652527709982230298168020458150473133845634722884796542962139526750359784429466659832778792879831516013367065039266303794396252586909260831255601674925561681875257977275228017401306932546267405640543959567064545143923333897095942987373842973251738735780492586244265694288428363339662769230789542956756074139158536397707485851373962889435902346018834836413462063352467726257379876148702714488973678834315999092084405940764686811616
873 312296390510326103981346482726155815521745352581230950614255520990356269116286315692388258167307216596763396080438621602895469968850411577782723078148004092225670606670207019896325361212354220374292601360651577289874862836129846741522193957300867288050856846848733899167016885917559718913632292768730595879085298631972463240023531848172399742840574698976573823041457410852286320578144200969153781475111497939695391482130829452082384780601849260051935019297440281327191869227975489874471084674749337314947518798
874 1233314018308711849690726764565123317769423680254102457067562375828043481985318905984025645714646288813769848092061425785762200501869525939314562474364011513870064463279930871379701391107142983629912569428468927440042568824595560220283041742962113151265376695689829123422799864855224681113534458588748938653556255648109502045202384476256538769008093570763298527745368459871701876098359483267370377028702873495022258149913773227080029982180961858326699540100679997639322737925504616586885078823235582199542272086
875 4895422254562736990979802316481865104923618651238128969016744141357920160585115406085655834156516800808644054142098003168896790706490536558078838822150082332652491275610104986874345300560345751143883857818992054844528137047147666302967806566342409978320902281134459525889372547687880955216255263802168005733905382435829141836181704378934293881017708248108231681361148660444444711414405270889412712111952101528560487401024654520037155089642268817523841377503391811681582266969772608468309460300607525404218943032
876 19332907025053224859365387596039062016963099010376601394988371453212839863805903609726536095964578938386101989842074591974036542417539894058171523505843181281625912619198564507392968628119311053324330575249911153054955836187707698383469385344815136425034021610756084379906110331563046139835151705118682739857621160460825524763687035029220475807360852939360167538223876908375923969541395406248579431274990069471801537631878698209441962095631329876343885877979690878176912470209614245329118337946449867930325358796
877 76739368841065337723888325175102611493282734889835737049469155960992297736168511196391869009657291190061648858988904076899152034632559779710683105124908328063332059996445896511046286334373198725993200306444877634210293297727838423263873176934275444893573901381295600086300918124047165861217950207082821309410710773536817017363689532614321156683535441355325541222907378322965692835818190099867579101199226697388537205200707645658193742852869397149575704037249344318842745543624719240293999122437339512706221346656
878 303072915041107080507041217977416456394694028622404108669595296083312241678201612779519938607678262707729508315705294088542947121220114582690159385686485408439969589767257764929725120824831893340683610625959662871071175372418015721157868482897998609697743409518416025933746395847119017449679226646058041947135906148107129676210746707248701515898106224728540575985686400070029210640004521705774468230468093650668116368969422710210733793731204445378470002547585287537322239798530350097091722692354530582267640938196
879 1203032894650476637123379760617041163396204020093072981724265627347477928517196746630000572776907393810542475051718069622574572513288269063122541337263281928080299669023728573708986982764701699247223808370434756236742456713057571015249415750779322485711457529210335870916863338247500336330745377004302200146761431860119397436116017879847392148466778929159006909140943853143621495942656281719568729718775540066605104417314516432204397684130719236917951167981058286530623301781385952482813952225805335427271721299612
880 4751236271570095416524426968123662844564598362366695359048515170316501058512699470662518078426071209365399021521240245478333448928129499057012780345080909056694864295043356102212275561800252169045086260672686104652962822964780394440200253828730231660888040239822990314081883845196479406600635677422006727004827369665088874000472486884468834640047612266883980001778779504443542569698836488063396092988463158893520573954067371233767081583165988530883994012506378445204201872459803195869888824040056154724942063156004
881 18859992225484334684543767017834198265630027817907268466465192292703052243665728637011045675727045397712841220069670213794155249559162573733935902049180376265554239647982259601143019957136403973054212117061014771383318945908310538747340754173979934489872152638780389652278084915055403429917865031622468302388589356665812077888593190044683118269558890906586226975479480287899366831507766424894714132092377616651600846539413023431477509812067170642643977128327250249004772305512692363037043153802229020832727509447368
882 74489069839487574799044555258365271573145353720601074576703377926940607583295672243017302988411703806856427266095642345643560796757697815871449517723645194083624426413476086047015702721641734236560165565364600092599889877199508257613947090469841379995312692781982759826747518530965115394507602699061055042409805271301623752745393179641011127378461563821830627008305654603784272606382816891693548319746610379793818674669733606619839383177527886656854637400575439867092790085658354708136840374604399597869536165375008
883 295690052429326321794883384513256035730061258968096488006176352698848901315703428538852941595116910222759671420173371358993316493316805720370464401250917614639317890714038542018612219573632171029678296524631628879503395965146581112285491094689302750633805334151392123894163979323302023703513786974583578219680533350913544962736448669201528256957132906706401851625292014826966642353582265181220910036127993812288551891086014456473786806027386280911414082491134379823263003968449337106563292286901348416285782468153588
884 1167852602087786722725934934682777177532223861088058582643503572758739059740209613675036907525950092315290473617605735373429090108598339405760533131203619529627820272648395159430181163201031769833328562024645023766581508092916481105089758638453368511033533133140676804661150444139314860702476576517896945531864141129165706020489512225148060214561241355493986167147060015466817684272039565569085983830538386303032603853255130001805346666298026566581657205035917752513469141124862669047741319488702205203890738535916512
885 4635928015456575291997877194565443767640440035692031449846579711828838865739039140182571244221142375984127271153062321441332299836558387592492972061173802038730811847618947490201694924686368301722927939645440207395624360879845057328309386196931948139927208639454681506844777458451063929831841308363735294649479357732603508380123311642556887087738990170796249605809951802424805889451484411786922829023614196906639712751825492394379071266047571064038334002411788658363813750673208765873123533429771111508757449193354652
886 18310894226954585834605344066031563898050499246170786918748470330655124632202797704301714178613906395684655621539048898286554111246237662253421364868485774178595188156628698828913038098961641347816543519447714443037287121736566171727241413977788734815343160877304958122825002747009683385725177152505131845464525882058233643395900899585116231669704768597011520213392974416896884760012996395107777835242415188321991645291048471345456428787654828431925908353598350937913985498295693769030382253274663756718215667685760252
887 72688777821867630643334796785903592799956048683308930953200930123531215011656429809861952022254311106674961031225933791157543055867729342331092678646020558164570097218214451944490641714487601411855835561640075155589921609192165946544517671257867341993745229174018618518031771314731596628293962113351196426111298951266328507307231550163640752015730392534475968078161774044139277358149507017248190924357680781149668001019816926680527950996971166384207941303249145795102980366595737978975293941777060813131081064504653112
888 287104787319153776966323412174097096121381211546478674548443441010202665122589567894951826599989341346992577066893529693689756360378880128422524575487282501059883590044464302681977278461172861493366904305148904495573367271752264927525252800503056323820247235510673631464718362584425717957520124342511178924581518094857213445195093702098736930989000660403838223877389976794511526724863450645969807286909293303678499938911130897233139743623122765140299409756470221281015638276032043991447128564854744265987660241270748400
889 1139731812687480420938366191771398972234500892360859931302184747411946482584933717248373996542157805850820229663327477904801875723814399008196648754327209991952266269819969111085912313534283518389198986951659442724195990561138591665043482330923123157552603808099390443802673465874588817280743427720625529739235731640416049807647800219343652582734923184953565041814997375090422590829856391878403392916564624900323575108491172468802339481325473259912465900317041580631025665534268088487968555136784623430131485849179468760
890 4501915147279819967526248056839144918473308148512016425448975821457698347344989421561097117823885756936909043746079892081961224996679855398227268319870333095526290094903102914418167306168953907548230092046937217105354485642258128935544567015831130784714976340113577313530982434776358371511370626085627367624452173996343443632061768540681606341201226817702705691726072971837672435269159019478767462377620398321299406554068553810687761636704744260670369852631836014237322040898929958640496650597236386116114598644962715108
891 17871815371922759354365922835823926652680956063720349201787527278877808525617561404843038265133191706519333508289846148692807454442840444981374764095946330225473770471732208031501311723586801787272018519973045922229988611354376577971882683189971922162095465682156941792000001933913512816316085607287524547463421961827052608281728684027069726899038420595340922297573155863455755401363948298185058008105157915230573668958279120053531847199803960961782390810934378010723166882221096947896587287311541484147268467655883018276
892 70593311228318130232846133576957711330359410634767463663397274167669255939268421744458494282727130257072172213436384937968293030541480902970142960175033727413844479571936384505796681832346851799636887380326905984686655287382760030752831877949541411118409832950562973432140205614253073673682370923509548782422060883455170400698551398395643088739616353392584654818521318270062414967482579007946758257745283135221302847855325370647056657252727857225733400103282535142949606848904861559996863221954326285981706160604478206540
893 280245936229393551902155913061677350362255484207442565574651024030549639030333114480249097050741330057882776884344420924280855567234222708716629201459420155013819946261070373797505950173990887076949200935804084220905722941301342901461254375335004526934774603873604411628546208199742359144859478810610190607109929682249455826875659578572714091425590137827671566631630957530231400715966755981374786235108934037308884623804492116078348305223328628348276046263393618723017065454652240308570752131627009146490816870572820530315
894 1107019889605749512061755466984372843382797227689654776229713754042126030736009629212776954947134070123253558457908091438893494361655264039097663438459727310880389184324909324631889128966160416362013654151841374300803415874834598468549310380075039904461596204323913261820357870616831522755507794897594676230754295547793226833837245467832057948675713897358423020933698119208709745264113955834790592272411863335537905033092650106689261361502960638746162553694606558125291933598803452991151503681275705311836952791733730795909
895 4394811035060452204507101562599041753798823753731263339024234396591944763661160870554948947458571205459841070426977059976245692159804154495302602643216730384583461305503298640611643341241000000482785059600733940839975326590989903625163682415359745359648657924003214184346265690049879346996227587979269531214493437224740490921816508447632917979671563494379565182092433946905772434569841211905443005289221049104819285664843149434834834829959091272705029208062590038038172092395416989325367540509241840015268676558387785811046
896 17360270207339718856830951521236128174785660214894302841865136729927032411729364082228553630729644342906525929378580136444863808388980469221555383706753638974128690906030026279394547994581944636307962494971225565814802058562625407651173481206840091534893569025199513635478523002757010284344270929273787796387395455013882397986128583214428516448911103791956555781339255854429277577819554043740694119890250030653731239667891946578506648979447029717139685140231459816111969175962574358688226888725616852051400923238517505664813
897 68920053723248938780424688162015226276883971892822524836938379341325685121845144966363189537709123740674046559170350260151114891165078928804764997273278092416177550579897858193978691808802023536278052661751840128980604259014311258837291730787195039166237139791817911482026678440821326324196738868378398793106768301824765006116793981681094846872676238579915474745252854234375795764852172246102839496414198196395737236632493227389706690935095599933292760772842218634146942646639358754716146075282893636101383106058668727547325
898 272259545731354459112418827925537747975113527958397573692515119527648578297255081968797568675741692681410222341426621040172667304238701495871334470748588061825464995882233248748402005061230281693158775248511039546721787337318428974818449190412363041433685131018402820131377395338428830748312758672207429987552190797624646779714974561042608000976015222070782110738195050775010412276492989314970911146185680205230297367020608581760443418339637811004064856070244822545277765261965826359860706904187844975245565111876370384190997
899 1080889310918667188970567888493730426865789707613946894948296357866495559593158562925281068746607056501706660471019190170616809250303592426745540832668148617452725696047882347022971080440398423777033084727432599991261677561846265098678117310653205362824698642940385212501923956262189154462710927258285163736896772091361200051863310936254987739045464211452406186419107043195483693658098507410824648285362577323829082782295606993289574513208577081226237126011818352967236466333090181795696069340037752346444091906031961648261900
900 4269912318592954666459918664615292762963244132629186515192650181098223264240747461728913297513400951287802491162051629932518790497677770678920363676042318145504350790856306887438519347872845896574742527570654433619693890040924900378522948545948731563874685851374020038484064937630549797801546320376105325764275189885021640110337853094850937168825889424228875679400035549530095082656533742578927867472802617578083504282802179855434754574998225487890140032189179590434953717907113150037643340504177863266015125556120500322471998
901 16952017480152132759532313214083289994961030245323421668983036955145733551008586571882787876309711646932748235137763908525777174264315175693771559225554815694879396336035450748658009698346351486963596864988993719370733274955299071917531173973864349352009286083916489232950475153226948842005876128398914451444363099387040559632700565252406189745873954731055009735458866486016507347896780121076510211215725908264087473471240682642892975507744552981403991313894942100397849210553038846765761293867143393693570603558904811072567858
902 66969955753947527984690692812422590492260583358274980160229357434307530787072093337841355452750241838675769072082556775623220913911954478010104607184590377196479395046851539749433365363426126035111492228681350452063443774561894602535013240208119106288835366794529247328990916967247514805161260848155495843739934667789658310908501579696325323305181009425716322330726896836370212553225886312599710350787930875258101373445324362296281883717409825554060844451588642913653241693743508932876894269155942873540355143288797463738075571
903 265883454137148316446904827990195713345117783958242340040308235016486720639997736111445139733307044661137488161123431830285414350730900350024530263998637188998014737533889704095510909719158453913162028058750694250214152154191744697241459088959270538113794829525273945318135956408072619931170450342902053083428227359155796444362609305525933426439434362121770369827115221625247980799198295874282601297106768950835450530459228291706076141696228680901276132997671004179443858686938245458283789388324569874147867677661184603192412365
904 1050388803442200489286059424384128162094920007473490744806812504070215162054106918490056177428289615520682208718319598577412600091396447554919955569160722139878131288287377254653415784157220776476619495289800155235184337739001304001583106664833094055333302724891629805945775731025862361515098761129736188734661820927481908705251247875791074769955506307524274617755031266392314986463814306655584186434085445533184389707666608456699624602005505257725995844593338526053557224172992225237842009153985150687942872489238866927001437606
905 4170284181384953211970580031589864033169209484138866540630195355163988617825386239966994759987436345742082910437784928979527836780161669506961286375524784217686862292729136882307043398640168365938266078954035249633791648929326061623403760537501922169369423548012230503084768324749686822185182661202370806981153976096925819147627098142098589788048147774527352956473680437446454334475750654323860394468309643583371579004894231508629887891335953250197128091106691126580044136388173958276713214048034427953023889560300007100662733275
906 16475754928143946743482602895085381376589445519958321674958986931135530456421282407836756299250774461660422251888066242229354680929747374107736721704057760984385074711055987696260390306670391607111466509588534970192795680466755890289778416301207797862025138470679742154333029873452166312601572892425709016673864850064937109591223714689755596820696326194837326066737931571982472112633344084691898001797111760895296967902909350674124028022185037742471228494011047314349344502382059784556539434164886592000557455305971891609093766419
907 65413851955836411354893514078569612588713953589802724767653361390574991196641482260034559104275568251817000718991350148497006299081061622899254896671879465076113012616723732445222578769628019474443720788537718115890434921955659950372787419006224965089782791396738163130312440002871693421755632019355511699212436880197583684695415937641928689180169903771006651590652884762206852079783641604156710758909836070106647469705424251927724799556609903805552244023302599543584311582237422050504763015579209739876356372369846933885153498485
908 258433969217545179916617818489757895869387835936060952986414617495550337940600149195527447130193928521113216065855618441425506236700413401881246464222683763175242543659593308305868934721696772901812735837379415983353723021819728871916869627611713911325316555519143660307306454393592457451105283429455706678517392037569946150259758379075267667866046820542643797119668839290393723628602296746634063259746379953534235033094766094003433589772091740252090205297313731763627544054497319507116177999955396701908771220315737312189562094777
909 1026072974054891700152869315099751659344666473574719153914963169579163560337586294245823518146095756586453701782502444579269532522723978147866745029877341502276056128591379563656540731546116513089321021077350487853920725446222077323706152428823021783314532902672841167911783247874949827593074814545274608396443043193530649695727121858857201227452819060964510199585102833924037882692310050859647690524446590969518826957689553007079119231995471423864765359082556492656911407548988762503437130556672374940796021994914333403374785821246
910 4053952808219484827076242005494886940232888234656481049915225901050289161352861012839175410266381478838435097929746388881524857928059692062528631185026012887382859919438995198812335216711137569573834359697540468582663193714736766818576405039461159277150950883363480833499670728508714126842550277432494640178609775344223391227944379398685252631836323564566853907883368948199056999742595123373575163940028046700688493833312175788038549574973203435183137152567070143200049453140178379756067010229415965465055206563761155193670051429722
911 16095929566546526585557997904219052274795014565410359171782755715294640501975543520478373568345999628009350797863562222019074499300420310815638401364910529391538830006941910349869696111028132638474387757462295160635136203938368731198936442307866207694985806092204665489806610155096408419919173550650610450268784552388845320872108876316497722556868617604517788648349698459882877402237519835338927746301611985945488352546885605450755492280308401022276024747295925138040973601406540745002160972212875239959273125470919771884317252633534
912 63594071767061829956229013437294440866984874950281160402072073764468294216558274264313260470672460128899419471166704738622843054200647886466095834326898949830471457239265884909793499270287744686033721232795861953896918147976391935424866257156681726869125512542341196968506620755419700346106380083803163112450348236351619802509349075294330327729379009915118747139323142245746003371813336562795042737508665018534893079223568775931729254782640358862448854330131814162263253183632557816719471115892534471295287162353076316558505984678782
913 252498148745208873784905980225045878199324955077726892906842592254670040617287819362197710425524782707012744067119035498896502610948453272101603828197773925932488591330887561457443105414797615846420944137938546706488202897435991431532921691580416194824349829570412565073275569960164301516074345975343877284590229124466769007138477511190753473686128555387538612113445340093245999996758197692098755236154461092467290783605485429117729501661124150281142635249607657186164675250203387270185813326709445464996154758178599781082705847783412
914 997652630294287506198740841117416165546611042674557694306333360873390648202412548040106155307497110334094243556500790472481242115826556949476722792623185445755845058560764888628296519476979868835310859509002279255400155823289283904785797205314679411092270636761619114013072270924036054140569259815699818518536636668395159419528725994328098958058441039236267752989090510224389596025049752156800189982669820548075369405876757528821603288000560223696306086330094300758116200504849494277839977709356440199101928250751537232024958315475507
915 3961225903593691090673681639204256370350696543390533512743802587303599120502166169101794229437249477364546439643455785659649155314263398409712108724878397393262034216301176108213527684453641359441787819415244051618961290820826615177803397802409275328852738427420991979514516050983697977355274279910434996469432928259546533594452010521955311239103331062306452630155072790678400502677171426629597434729099744397491824517788409215984470888538125098982209102677982065944638391680182157277272943935171021624075800798214750642704974720588198
916 15651319040209305645119206567231228276493349948293734050765518944742407620100936498845187601655442864871460472850022716920844880409563446932947724652297284858907603276801942179180528027843912028951671559470009403163227862917008554800810192577945126339199300184599757202290932449288652477656182552190583780397754584265120221502934760692035366853654870413489252238666852646408724221747295734546614661745267573169271561914372324830395462080031550041091472579663993456919174322731281353576968037618960673030475313854195773559887875464302174
917 62144883619767935759778275298177856751830460135573844988275253595254344021963936544153790040209082731981577322271749698486673141416844535201855589865197953745201036797672689914697145516438896138105187630401432059261822097981203991031038982436045354896426804260932100437432211950081514679024481334957265013681764102803106093276099819775598301595875311322050347797839789912569141923451994183820728192555761796942506541348239680616557563822705591087341976837577621907672014136914787875305590564571010824321440067757791794535410406199412718
918 245553972365613967339154204834430354910257395141957803756794730661248223807984948507493981448270711043769504515531218796595036340181494933925987554543901857050188787102911767696225398586014193829609601738501289328816192723830851778886811723004471387837580296195790280733102698873703102001456581350585818610437066554221970257344942338095251655397958141684904701459896696019628699186745035658359695600788187568628904826849034731414932909207726377431035565142700879577851115199121154284105214032295516521198840907231084160200433738146725147
919 975012049602012216015124888396706897325946837872545575292558696199789494054540699486854021008483880857942456167822775968871901434843735493146690377406664603146701418990160561685105517916158404060763191826868185421867336309158075025186242760671446723656787186116020271614797989167417521771078279503442898932374058703369228000678771681016069879895951291543637470873866176782443356968018365296134308519655057957501795653122423574918966134874107667100635258269506414498431092062151327676451078595792149403056160465246935249025063115022248469
920 3852580096099311472498774659277352074245982362317013416684339510569103991925316113139040918504343552228472993367724414824427289043570051755996031681285209318612526005311684971122514345775417548984543527829633687418645182113977255894050967778911752567461576312270914705042698218443605154201290839278699873646499052784424376057616295589174974810794293168125168862209487892763938756379409388116323155592895954938202690783515429195445232094068444937894671965770190303990429734434422039418423964003424105693291867466292576382061316882796782736
921 15297441934206173860669962647458025844972205975332533840022467391530815248028038374089330240528344981636710622051216514943137866735280973111141003170120533690885626375271111837396343075893104094878287786945585848673989326885264876998959319896674465554823828050781753709185769214466636386934306344887364370158724954291498697923759110299035020259404146459395973622411061383974309888951658387669972311759218140732867997111002576369737279718400018656298781283477854314931208702123440606393649267299185895855880060828622563492748305299761529399
922 60447838231460450668397587139876494754958794751978865558668648648930318260205694189302343428326393479438178022910346793437631530738747227437182241566786017497289851731947109467086777638388962099314306815991718285174699010375914717045287395874140287387180293336912151829350607567346297435288069203326282767011242174215454987058688714741286156948490736047722654504867410204611713211427882619408763448879871941673231198513424304331474686389003600628342263021618498437363973513362807062938580983309165567333356745578783313294070750537997089287
923 240024992339573054199751812400812551190291720962914241417282763509351050666899590188750733189408079792368802755874706824584565150748028838089702045673649800430156693901968547373624033682469536058189470459694062370828840044433603651775297647075409819594463771880668595447174733719038128285772032948365502777281414809374002723132661167332763889990416386151078307850055660531039121127935362329715780270531200021386300921752285735859006812099221632433121713811886773372992871331133570674816562211982340175744015691435055918378419198217911427314
924 948459044362390002877993680133643361556893499401623826391608349790122832076497426176623943360308785421259665509316241308456672436969690005024502594626445712898532894741969093182317657125889214069590545141110628890617951754391834911130327476681233136329194215439171590233830602539856961449498024283409853775430742973698274878394645216032295652457759617175838878764675653086800259976798340503772703997329666365795309516503360445736484731215810037591838798678301317995463994258089959425247536201463713074539783636003435151220527673196451268036
925 3766156610559911460170992116824230329758153395748908111587007248722696248544289388126662375970800659382371312135865672792718402635134824392186578435012196229463906000697995937494183383774599674541318362052106616305167992530630594532112235000091966749477074675053971076312252211380175075211015848922286188919978230525615475750854496853663225901090301297311280870035729796078241794746444429716089697514080470194239464835699270128417095424949959003682038802760503429423053402900864201188535187068301430266856311306456970306303848171073133793868
926 14882655877770778876770877111745602108316216386702010289177013533282112392671823002860942422051456088892430761801311532593624153910197316698153298800569749078265632499303941468702321524261943975494884735355096576839106458669194568201297462384718950559400772654878824510728526532985047165102375178106446138620898172440084593086362498784218559728039431740209844941925886907741355065804487066532785754753831513305423772144461343337024762610891192513163274287237314808103790096567948481617117018419116795086437604526595464270543233907829804240244
927 59097441830375941094013453619276025502452511178816109124565088886901671022516714267389170329342591427934779477905966733528147207555814944656531548210606649173740585997050540705433338997857145453473755867313477246425707055527350016426720162657224128119441034178980259591568421021702704122189783753486238287423848785811662321753597118361653549055523433593109114626202181331972911231176448546760482186186551024021683493440136369707683437459176481247341775720708522926637305407836009610066780067126559409808773858269033831206526896554809096156482
928 233534385478355787034132359934574460091779758539419541494942049654576962860086163623625389334652548907657709462933610902388701872025410891649865758256189927880277152268636729773045996324992232385679062241050196821276717600283406383319588128559979123299404523380353982451658987094707283635964517181016982249909948801613977542989463069958653648892505484927226646863109352742758523722241609784494954355394388001671544698942094541033073211418494874033682657702546699792720772682854404919561368264164963326936679927897498438543269680606466999076928
929 927348819401915898009125811855201367646135358188530939696151965042315531337815820595741027089677044729244739853632293684808100885806663585047562708910779140085882971894894139309579744593663268846225758424067056010190707029221958714765723162814108499040903936873393523081233898169540171804715590256328672322270833809799054640724177176556371247849264081850825143314867869784862090526942825098834318717386452440211872812276951785235446091135707695019420100132836468806084711257605869914695473932593860890326938139768134143592687234953263479492974
930 3664757489727073767596037528623589789959169035862743228651125767758644760369968326881980740832724260392007790156105138776016890662116357348683938354823554389874946035542713241399941804662645649683000869601072059444224167572083022745832808537610942058264488585360551865182626765847148261318420174617134297244898399910231074504808636522468370403293817056694021930637550851155300139154018951302972722607330649839309315569612472457431284857657528428870085584459861989094991197280906109548754716158887985325549167536466265936903016402373891632616614
931 14552779510633921325927766255835151573340137990235476312024247591695552350109951595580511738891233589907098178863361676600723489128785767753098543067511118272813844302119148985274073515584384116325787746364595539549524307805149868237809583628819381153312293300819759510209840186238097833461617916257570480471591364389413106266192154806098110961421777341656427943753863221906405024643171754548716671538740643473276007001806991347700134414806512176295732712404016748713369977520403511045013204377696683333214012531983010140073872072708998667877906
932 57510640536018507822387577852980216658345732906051916725144216320650995693204813963186944099960464758694055039523326783432085721452412861916346952177925541728987116982044230489437735309121792076886518491985912040670002251801546848036905513473840573790562578013458697315966803585297766181061253615638731533031312038952576523365318777455508700815385199469301805453819956521439557160656375783124938273362709451076097550259713822798160669267111638602478425279604136176925497246118946866703653765543349564954074612053940033975824428580497395572128880
933 228377305853934872951738379584207824006720432715215192443773956569104953910495885915113683634806529650634922836337894925894882056256895602716717772338462227219060738957861144598461043835765535798411282728234243055663137991899072122728560164399808686891183866609011912354786702722678107513788978184188933649507001213569912220354334321281134857801244972944480031410763135497626538259281712612257192216819542913254608063550646681557305149835504945220924269573470150542275133953590759967039052907931079207300260324308116247507778626216192504136129434
934 902557432484371978448104477670411020127548933321438409661314286300137655323259929704845640205731431806527593260826979815103578873418050474462595628291424735104976094018373898335361236263433978471491175376856165711453349172908588434748779444986281276767513698408124220234935448689744180169163387208645300303524817353977847500749688315522743423516144969095342945628301666772796473521713724848170997217363972920005313107251008499096041712941667476536728219531809061579707085862036633136736677679651373795746784908564477515753230771884303586852059630
935 3584164248721370972306725152927634866599448658887219687557697468126126855536505472348858181414815064707563062913699683681598550695113066626821202902725309258020351531567012147166798134395778200603380315561993364533878487415226196786530744066766737842685748949500028573561138265987742139551184614545137438526596701367467759909998225796846675603396938292247349529782301979137298532407733765105743435267943561698030781265504174355365330217032907944225185854357133246444616838379272104959729101375797256343331107886892295925565348442447809801325185420
936 14164781321922497038130420271672844091359404565144308849394828815084406147034422601147286703700805596757314943641506558429945081125775007546516472330062939127619886238805151173561538579285269625210257665894898383161277622104712498409597434968409411538677575638496824158899653288189941793776453916478023465392039984601734385904383359227288959744092323595629771490741938239942417775604844480279194992966089891097529567095582286873702414132055299329008434685071024734174864613934442828589333187388131140632617712390367449004790588706216123776994219468
937 56250567414397892471146859323010371974536137420189484610585527184415057706569061336856696186658767738884246663918610133133577506724059194529003800991965889894636044826107644829164792946309048769279600023246958403828046913207076306495109790101521404265616407714478276687184058302449005327267676552249438811647348144546953307150462398482786580017763095446242090668131176324866317588525144504543657397087572400719022925717646978866493078442546461572575350738920219561422569942440903646736063010226758442344361699913619437937962739721919234131495372184
938 222314884383139627551125997654073281939494311736320677217250137070285806014317768241706903965366142631026553541255184116406663911781221630608605165903781303907603859658956603363366243356098798441351156512498741916852659623927792212390733510227500729532948869122791475085706509847267789992706567668683189082709478391799367613652996041509461992746330460688231389832754615587038330822602020450796796205708386626260513876350995177640332938611105150390532747771044425517118436508961990081272748159430287840438759939260985800198068490299155307155507678494
939 882864107686053088913050312681635334624198451149847369126918760174859621787121409309313468127604914294242948117906855672173886331848484538919886294271406099420781567328420752929899472393820049629937378531833807056752222148542661299582840002801628969531932124800920266352959453407895244390068926161924799407776710345651203426978675658804596077455832052842706576697351461869368309629714615155483516779756967857280136376787484297555650079165146580213975472634562364390253066186908188868540224474827569197557796849450250348866547724023549760336116696360
940 3489278303171684547571775468813626116189275117881450907346102691326924761139879934234117505846526747874773779813758135880103583701802820198937195147806501206846444638899208253091933365506652439372325119985618066260721966889592391163181311525975963598339720340593399070750239834193377240222972666609604625799815025361073603823129678763388061749447871913683833525959593767289709906097985478837313361572225735767370546809725689855682940218816945456568489202027189862252708510222582150466309658334937621193522497884689359803093162903914750305039239015280
941 13856862043801030564343102865685108618506400410421189238561163971883400204053410196753020402008002167515388491247367727860845599351142558251080107871234797619418536437432456800225591867796020783837306333300844000008303994934247913257188018227483129995191837282333700702897604691829884372514196551990897217777189849992844219028856898775576907453012049894706329224983011553931281867888973626960753462234827261115577657542216937173264155695643104479951347598460305104626573745502794560264108797791919765012480261527076065829256972529914853083264419918554
942 54767888510273022180468451712302554005759402084000869304881477980584023820416778698493853521372479141448769823634277073582681717170372311342489496486790166281965519064217434706775579795784822859923358604326898676700650822722211973086088078772136669810666753456021156806067459031347022983210615533666147379982984986051617442989164730276750607116393891024650327350935956905219640898393248246609393875406963959810579968631176816523354453605276167696584887900910786471407678486426288836052075206249855508880243542629950216745662746936132818833251071476440
943 217502106716657717419409241495692217082131406190892431909205273487656539224549729064214455885454703634122110407465141985706563552041825814512638996042953763433200977673327608649646093108037473381989484959903852823451093056901652085741867864874740443883796130503320874189102904905065469623346558557123656784770574836514315778874579060834308757114702845398939780802891526228239053927021655192207232652115320794720731833171947023972280750297439396360869398853814953615401304898127925179330894790949130711274027879760494343215144211348109043712021295372130
944 859655850212523504438615102961926561977054523602714028638932639686635642176757943648195131116344204424933482222999353711553251991925436140112287944613320848576376365371065984549301130856607646362075278199241329646638035649624046744044354236825838011005098325247418627020401075222060786710509629920763021218684098702810908605081751707372062346949791389294793234127113300356299355774139659874103778418067655733279019279291229704652953425349376917669292308918681779074152880512916416732121187708461633209956876454181187535777220463423534876492049431238600
945 3414019537714588005810799444657338837086241806741490769962205774177843258412928204722064605683495908937737646375169309572223851984777742675092007177236566256632996804383558951457765940802970978530987548799007173604991289394626205012312553732078337263092080951349833181560419289155139297467598108048493406046422956945272702705017169726732289558946540566041468613496146044373873498467394980895960108406073485565651079589819630524074294156549185299761977513549483482023223843757212084399246880954088772414071359554838841815207392666255699458488267858631638
946 13494180997749198803157554079725890425346448226407458207860055525461833613683533471815202942858324355945911016918705721361732102027022133975134496345304550736069809183548865774746437503473507510183547009319427002911208218468347384534956822509406857576916573501028231360041298730344915626540576243358975471114726657908146759989629499447997224291918768995033048196032019491490402211946518996512738614143851106293666686099013411605024881200752995566862634160548443710894600816546199298670342064013577078097990242827559662621196711626068942974477634456656300
947 53591519374102437683195600889201929353451896461180513569503358853300752448052999016079391982670813678050005371097639509616889317299826731868585149065448682229656754103417631472379325494433202479104517983343242368433316862905339595094633825152671265265443273281971642879076947468739380871863181252894770560780111890949310115178970660399152127903750719310210997380408522414894568127506842469696352103454895367473717203471069418296872335612610117397732078734983350571663468031808107421503541769331828106327369998350554378167577325496200699729069772522178072
948 211824747140750355881566508874024182202932624243350742832831458001734466335134799017056440051502564087526744181701049690561895405038830282674710139675396560924017115105825689561076539214865900727139793528370943108011564149026126624464326121697647334686408120400577783177882339010171277567356715074946246501815213779695558416285380821712733278938223370868765719244084177904132044810137783392566537967147628609587873348031888704899194152788009013325761964844266177807124264146094449962283423931123022193002895527011237742668640338489283221292656981892857988
949 841259789617137669391322281692503898064709906807566926919312561670964306147648017708170966089931119156941160936632030320474421419565991398812752464249542959260217107994490044723196931456725463207454562734801533352483015936908235117380366124266624965695188303996966744714798237025025623232468634527787668317748542296427379322141110459665600535501702194247732403804070071718094569647162877006076355005785084638616434682751806180391417794470974030420124050811312868086069739850851176370517254520129602061811859479162496693897356825953790480954081857883993372
950 3325292303972910154548586752742777075586443162731918690955277151665294885320592421373663548959778135170042563606156566075108750197057407458408081810575747673265744314494506431250813612392822324837228003735093518048931991763673492357733889837126707477416248973745907002771266928249046932245565148188424714355869883586442145761216962283594854946063524954772907319428631314389120742446948084064604813731645152880948944987956026488766994861273476639537025244476530268326912881775381118209188875046323644861015022861444552386742370575580149617923402689358402838
951 13206609062391939537192338047229590988094969380811515504368628408261271328624927384522335157068214904230705788589251590578902587788429672102806445962334610237230470350650832191138457480502557604943845464134613872887074705110118018727283703997790815477329736964344247807554012529127694702598116481082190026138308150250637712888524249928341369311582342948531931759389103607840858432029436789902830608117448593320182749911693171365242083003722982731657648116187898619912897930837264554575370850756059918699922264706031022298041224631039898048569322516422306386
952 52202469807943274748734409045921230658954404909676279381768781652742880423041893941321536655601330242459591639250611314248409577357230419522420847137711044872325838961858063097001322170915676446668602290716479526099739894650185069770519011881658499603979891117620471676167338449832890573557412948086865468245935618056371080024115209515793461853425328177267266820154859714718276025518076400216038362843030040327057278694496209709583821665556089803966298409011646033097618470408663310540156938358815120144583730909240910270816571653806760342330652723290072792
953 207327250638737158771542928555031235611990838865338627628552864752655672567451365962104599919062489832467461127142753904080344374170239291740400577986624337531424308050867553484467249797113157569913298850206431716522126196338709022152688374943859033555596268592115331076245941160464691020344100095070345163246407200273220952498391123442230583748276975670779025415508104453763861735980522203626166512570989774554742450943326760776647058611402461869948405433955208129527919792602083126349442065000243141793316007699610767440933782524246697852574708845263528282
954 819549524366510110435429074989338939307144556813422610639111802418574446647077568463266000531529279780167114056456692312250824888859419345369413877663646586843475879860659609056115594759129040851677572559780065395234433997643904965206994239043256044706162398543365756167905998053970976424396251162985630482964259214733375202965002874090368642789345302143091837302611091319655360274871199472196319690416957616286796023450737082278806645128023322289610784401945894661619281993818350986571948306961980454978874617723578151842692717790696670169136049983315623038
955 3254981868805787308464637655768470874629431982328472367266290207522942238677214872534034997640470450247713340201320473880896800404547719980361818261995038503454597410684402780057544267998849736539725192031499143423450174576254330736761964902689339136367554275478038482394277202585551666262162398848310523999949657145199640672812554335921096454047771674492199987556856288113317088551460626193985257880538840776805677929545154950391008656962175420820697950162948884451702038907967625451794279370260287627464931493044276113445502387535710352986335129938960302816
956 12866708608791233818104000436827392606694799603830222956819639157267241051016486142947519532798717543455745453996455128603275343884557369656879274938429286565061292123719847432901495238179686138109279372581348009760300919928368715790805065436201721622078019886884529242673050165151361660061775761884649666895476683461562613309013100067706053850170927343492374674350801991457706592713223590210242908464806384950321485090256960095943325957485157181287257831455241878897362369205513000887331126139973412163177925936259286254146188821326844641278502654850492321080
957 51102796432820196269059253399416773898375257787362442359502362199713665328402515675943609517679051516352430509449857443541996790829419093594597057566107506108590358902072307239392116956540250027591632964867194122700047354636755933044448771042409281454866870303600818801222432939910273680304180399304498933795119855309926162588427171255019119336519123540286835345819027816362143778162883700981672266780244210634400437337065844955208882382713543217923350990125612866336630161783153416353338691930764640537502821397474543371543050857281963997856246867868101207455
958 202014410234142517915701463407958326338463510264585862383807755747219726574278241485289614568173413299887737236434217087811963801000066028101186784537367142196597927721839731805239867608619059015907757978307563951481946971080180842705125209870417872673948762824910114710462579821591779260166656936022537628457813105486643665557086944996235433254901314296429549019154037726100902348744348622756213473957766725439105991489706228216426483051048210375988859889857812629602919696190745243441410601703102712183379922514885702548651935759691336533229342883875229645836
959 802356708278334233126081934244161279128983782781994775988439558038471618042436352816696778072190137682322841914284987113465804222484498736081184341147766788720488044161470024927897011215922756830859083583320345887797714245181606234196051552863675041328763778774409388580124924379428788324856234486820025235214915006440893553769929556648082249093723669253971288852248258782996045594201287364540131644316669189160620128361792999118712389135156834702540577868530931481269693941128323291411444668929320037684819858817636545521634823045879703367243798061128515844109
960 3171795564018209612321223281772521868535856428296308757053802585730221329540458060417561277469957295819623998418208300133440305121973339619376949881319007847238371984057079005219263842991417096572235162233235439893911299231272524518967228748291794453727871423257777515912859441483704915651533253541166679361247854819302675968971240645581273508213621643197250216511001088761524997750613180708340541961725647558845229075524650322612332594746835625966942981883112008674472944038281736598175550424382493105413538371601692665622937055053368922536451116262086895707072
961 12597782430129546296059866316144486057596845911822611657734189960089169139990126000807628353668726292697782971303294303004800991685094823624029320936233467466911238459363409322391209529973943627333029906558481316905312311159976462174937231929134310592051179887453576845912824017348726990852693702194920196223548767286745027663912036465292703475737453275768792736534470969164573962610013475545481893335876338405897762907094841300878320843560967636977273930527794872974801655410330699706816541660000163166209106490487769815766861701523200539286041076085418173938753
962 49802439081594658782184986516509111636260956182633822755394258756698391481917794462761125316197660833013540774384005800744525929213473421527401359160037303560221837336560956362899701260772253220858545739284251560198341977459039255093743553006797463961493376076591631285050191738791742877068082363168489769955147541731539837245480445930191204805658581405305148333640724612883490057772324872452367572793128330123037364036070665319949580334728057988281896863884192278730899132444727317447045330444296383679685794056369167846568080524647687766544214066914008789854582
963 197809634728718440660077016485516256092667005610387086403508216353163059086638892608363216697234850059641978692488744732396345870209563197876915837157646138098158594839502009431164045691369421554562407108559546993999725575657532663599318379100365546711324197362692767153956708054165799157713673364795739784970828394282068472819447156295942313839378983379550718626268793968678243061603024271089094712183966960041578952416930378647073113132114175730439572696422675399462725732716145512246937400636790423186567596322122032976172599974485196644538599482753077064237672
964 781995063348501781209149104624820738705476585394729161933832292980436480043355309186017988488968831037804114407486091525008288464243957650150515832512679458230159086171801568262822235481505167174606266159924532447676827912098964065831485546289716209983998512998258379269448247079868631046012611985282516267933506673380997948698668600330296993178628003609741149870670952466980493541266480961935066723377803348944250336606407085479813509276197796263419085361529238648874907675866442053764442284423276913986906340045809206955992328806830247033849004001278994491708034
965 3106022554798441184653407057559160801272707790165125997600881781931518615032479306648474081043240458427386328102863611062333405319616231981270458871693481687136181983511129573996309309508872779784006292755410903928341382750948926301598381868375363717191230748586345981669880426995632727379383555949763013947987600753201192188796531008172106280334147665313778887952489252122736590683906687419149836769710221994719508604631154385471812746699571270957830203657150242446916543259537932769064299129205855947864573482495737863602657995724992124359974345546324076390676510
966 12279472019020726887395138621106033330237632652000007536898982483033813486065634718713551528424425315790520167823047421387731795523631187879684501625850916831068138589943304024625391385865933259341199638414281343120507945869659516563053126326461201196553255076426566249645994061665185121213356633336703297044453062314611600856646861795111610082270526690125902059010456142932873670677115131636195755766361818636821180003271025679227709550253817021681003841483107913033719206188338361252047089763407226740364370597941518697284375558214010189204230150969797055515221255
967 48773969745180777923230681337098150734982871726704498040614177346307245620502943233636171954140293997822957333084548518086722833480119699585234862933551632076599122613424630436689494065238599209358827311597610026904720414008390529678221065201654697172683941841205995692441745411330245043118563703879343971044463759859770253690256098350166377543609764060773844546234943704268821448317493649008565379012818048392413912899658540751374727138228515587115475090905182170157469118192140974671602629651941212618097517621121870953502009586460761064636899317004039332426649623
968 192824934269875052037886284097539838292331591298867130104274172694072474171756414615678595132837979697965249971883740062338630474361530992420590136366328585341182403476007768699756468674826055311831674119188598715587713571832070903418728067815779302832340376872762347185459768273451626739293221831708385150348169806598200460666897385003119804999433135624278919210566627284427450459481459678835727379362021669602020709742842125480233384434821028901082140901852184882077503365904974406848348938454782139248384485571296844460586036811033750057506639296952517295623053280
969 765905728588991441774687426727184534923806094695367823915430865250297029865549975091051112862145153727776023062062386549258982785581623908239573144330026467963054027361095639790252717551273464414189973154278343204285059427248131036028191924242636371875340470050126480511351218665140344311788275326053109932483023425473747605366233416739448535536425566903414577901297553414385130618542126848590706883296080271956235462813912075058190253761491450327633280882871552439275088031383807112088153511519468688630335045864788161174546036650058356452040922453508056739593202255
970 3028091119302220914253220469868502820751370225813299965801199702165131218464799353481739507502598964760483580718272024667131496325870552728992129014834252332154609140815283484037753670357171936391419866328036126468521306820494226532452375896950678207447295642932336551152660231988123902031400132616028163972050998781756127045222236674132185604491320674594565841435914126915440053463449506095585383100289733260417294577851915540726459436881537833681614248282239281444202835161216663479608186483655221596156007354459739525252982096013129166368879017914224344056089305171
971 12027873635860174444915027011251563563143118513090288392914603379376389874500243339999252504462753221735257193560475954233208977682318374493053904388980469340791671242337825845095663093336250511935065782365675477996965513357384746739158552301299684133624316533527863724499533271765452871624307925169298563861390431375226316958015292782546723258693443915728142306560080360376877495752041320602194664309710844249990074365812290450159578854908021331682116923788660750131003221080597726717736951733367261611948164977330263070194435544028734253924223547170121569089165354362
972 47553503702015566536951660945461087525112589145712211497855180811184631273101041856497865230512025278543281397496244414510351434657753775037485161902157965010629910946517952458613495322678823222951446804361054327258953251008776943116113526011949315682941388746537622606397940102632845916019968238213272846793566064109460517867877529484856536120823836465712504638607300171968907746135976402320041405246252080020025106373727300157305043552829940604343766647977822655197648162463183224300946463016556841686666915196058906952317658689647405738609505378924857797277752406462
973 188888770904142712558113623082422272308606435235584328338239490892253754791643249316330787611643027541624593977583501667788331888351826056093118791955200008175287859675098553802734301256233532675036587024269227095602771911856197416211272164929388193488962557108428487782564761823049960855382975379857504142574865267035606607234515592223108768970332088708461040125425705540412315738206167595345878048187439161867456780686752734073731023751787443362309147356229018325599769430134829580082633499248369308760913280158519207572018484057158889205121693562929858751735874529912
974 746823642276094139333975389066023289334947539207319879167412154907265493090227066323020250826809755345424848524778357379422066663323036900180370278653216230481239359960218684219134472414326530244166709705845778218696033993742745218755899935567773637388399076294464063682614266537492391888867074464185895090246110053262683233605219917588946722575285893703797934706933323663499863570854119700086139667250035448478312341434769210832740069492014692581756314984127520921199885408935709046654425630591051733707076744555468122802521004492062323718757013480195564465801444282560
975 2966534322352230982691185214748519079725572065434647221100715567726941032350130786932618278186821717825250677053138077967920491967407822855155723491622872729608136722980170346798075581303203887750910536561008772966902098428898333519336461631514088017740327134268236749256006197999863319041944394371666286157739787022145512908914109214175302293604538770424726846096784816693332039124917676326918090119820795130753530680155673114459413874228915821886522360408381818050285727822994666013054407330155344152483647422778500555828774334473787516433507747571209054537858399017802
976 11729007870870371520778076039629770165093464739154122159427711672730529191484278723376311718986366193587051909033668309901977990634048556500619892478505269740103876222743977114090217730462048652943793542573906061551376196440711745754964898798097720005179358813113750966943317817302682457886653476198855590557633496979596144265909212219969800353093890217928793597829511138190124205521168354313314050306622686898524049694848855835186663049483399826263787323174618988630957149603435521383266175615227123416846082538579121273152875928599717829586040172194560731132279026580520
977 46590379808757862367919665972957184634861640484849459960441008334321407059683064503374870226828760289750314202706715819711856150965916153082762221203852655021877536774056027341035715190217107496169497999835257556142530917212590736390736301145942412740545898256756655612055415079637556663696522560825749781559358030281608290155053059155941578421887005933295442300923561253470456384414107897539861233046572494903227982684747080833877330422334559286162619236017982362275406700702632748732967768643994206473812702993735478084424862242061150004297320521528028501905869080708332
978 184215607349388646662407001810290882866019720449165553867554847498702554551503792431724186199443947485876925498628081037876035162898700442048529258510543097765865011777959091940427003622283333381657715115114331712369325382525943518448943242802985709490188003044928552660305952683723090142357983391697179581518898972573035533081245342415708191818628177102826835830520667266357398937886294857232351413302385005449438031520364026731894778919834386441361090135330975439457529783984201685464133758351657253742208570765900357581225644298813577361102170242206134914778261792807060
979 731760681875072985343015344146896427796731293973217605978891945315753543610101570100457315409246082685233814678096593431728715648251902451345395366729697618396455131501725237524227825446426878048996557222782742195674224974784862446669979879199676635173394580350163402924969212147316442930173148711676288696695365952283049794772969946533612795362797321822889630781652747991044569364808095032683204592897917947328728037942590341507142618782197173816262307597461330884375854762131658468127169769063490777476779314343459619783238637053356274219700608378037289227938027232652304
980 2893338654052722320584520072714448093849247458936317310465945918939651534500428591726593074319277744675610308133123756484428602080761226444519383045764702141433939297311510426964516052082800379921914135845428143827505289223619455876109285221671285823923903559109142413781801372709166777397057690185603401084208084614078638921199984356574524750647181989672561360924624397250116933113805048524429405178078906179568515781843985682264097196804941219246328697993927309415303636602908923445209798259083409398718979850396092660229994595891733088733952072330271545946071761648695128
981 11493321611187601270881909367590267437819477384293561396503158717365833865187522688579383502314935226900233571748135101237491939252273280482778517745872075405273835330587294782710753942540904692603319607694962209901085970353294948945144226454697760876082549616274809699185540455252612723035822254066983809830815960993279989835827235287183674636931215253010084851628275676108386588528684831930596583972049006561107268274158818752063588124871052590386820267807764803224985859325424070633174340806089711572749703781081381290678573618120770432367080694569749748571548259513112786
982 45445799667573133556430210856205466833651748675971773359065799952947375135593439065752466340153791913450426212556108084896007883007754334337946529890407738350065940446152602246883620987271681868468529978121502336064715802849569729842720062923363872762804278045480841687272190177217452699829631913595341628757307548454963181985664265631869674694734637131038424482193753945180333715692666515268191610582561076338195389452491297712540428540616530434018556857640335930953264327214749450149926185792542033621220590348515822166455719920561039464206021249001700344314310635099255178
983 180529269485986714679015146444715466887072964357736275170792397588671817571045189222376911170171971155314667926076303711667976073959192539247521895390264244969109997404757919847191721364728872780106150598929717696945385053283113619434721587647845876038346651262661131299957462115993578481366276015493158546478088070249753720283208852455906415847139379199409841773762762782456455466762196026359548570340403089158232605812687413967891875596872090288463745169484729198272870080371788729821553049975117743257978711536042478965582489597072051599022205988261979364566761453014012982
984 713831621260117007049633228333499903094224828002129497180332550925862960875004823535697566107622480829223065978834009086497548680631715745531072893244188196168147641508004627537274061474489827104095075932123978764119137193005747871674807656291432925596777742455133474588903877168775836107586626733336560127458045725105743876125388673225587307782584138251518293273754865203356342597164108459054412135786996320066345776226548355622163771339712688855328428708089634097483113911839785643174653539426820104404961829550362491139637694465306248533343204814487746407199338577628210428
985 2835654085319218140652858687330904008909937215300300292967814016645939122992421894889675633637200579116497218996034488112985214914984426583065496458291143830869933479770734826866993061504713318637396881433369907000916734010602841454454652904874987560916573154045696371211758875585924926909553030724490898484327074537321967105511441480184301626986048844338739854145125740850203721753146160254826014204409764495605302026328679283430338983721973134342228718083453557005283222455554111247545601912980910737552099090856553453245825927863875399004682463511538855773045863860386697978
986 11212937893949435221232806098468839953494680586457036016724617992775087392969004456450212503521746332101971662353341581611371328028339043959216640085935770757417356471718982692743162489906984415058106051501768490599859078267883761600441477356172341072465640915935015840404659066318424850477420103364955453970656874626834193904284893308638859925027687919033066492364428799858719313520746662110304923823161482144813478049490124676523627753560720483597720890542411964922620976704921680555739011744149866338711358891788965191019205949173475407666461416920731230985401287806246568354
987 44543511002681032056174479989282527673534578205096195327657150102920345228933025494200995452452469968718230406154356216262652527353474738074705515540957281762567237171266229279268019099142266167845920168523495486552017010765227702661924787102815843173893062080451530168036949061901046485665315311220727673886321009289022097612164520974474722960418235482190332682813895966578949142002068327831079998621577346935375292536449831132951237014512106427077216919386942670719021143426866958509537922962324052881624006862098502200146146693076552482049963560015415929211701198214532099766
988 176137010575161598557096613433893180687193829958534762474392848463109776800026507831826307986242279753046065432911031409033737271115150585842038222716234075045355481388086747509455275240300818550546319852237654400976232653932252340945627832011175182031670724955569043939591489904470063180331284074350502482228406725644587300864051898730923694364590285623201518285950603461758266045998505712735824308648450951276180476835167860859421617132988538061730021640276511357798322833067944600684721099584202935416511198539460581067093652612427530186453303965276932116265524329353278080998
989 699711855308097726505104536027991997548451054184781879669177875937224110780088335932527673934146887814184985427395183468920736222348088099894986467296943474256987027332960037043081541192118679946758469362664858323860770177030117259894719283339167181575309452520933589845780717326438734846250714861692936789609104085633736864583951753312251844759639255526410031662616249358868051200534876543825910134352076540091120580926452013935457630355788006204503501677760716379373747987502012974752701763602019376171257169564153501765216173204806031083566386244488291953931719125480878185091
990 2766961688603063143999116129290389142263618530957951466013224063709403286758203616372161506076280099751669403036729444999782498494091798989104178197964220114473066474931188630680995444449537295433645728216093071464333456529473125277152524578808299632887087349076475953097443097243339550725139431615936535437089912353318560513813168917906989517801152956700469700794594356877557178351163767419462922416980125659872928808714997983888135679180348449791174347428234647720484115227974700401556435463282706915237733172989987608541620126020134051909848102967268507115403304924490350856643
991 10992063528046298580845690256253615612234787022302869550534982345540131092987252333985545280896480363009677908241979050177471287080516464657623273035366199354659830109064102512665455440879565327682654194193998425485971547069054179923626302090734314728912518297312103177882382739329200832970897273663430522659824001163787313142300890980390179451057225287535614736007442540694008570128133474907199278720782214737329167476899496805345908119136549285426048851841310045831720872920299244443821374454653456350564528170748022452717843706258907934100025781761845184404330503571568553402777
992 43467343205080852897528887952692399364558723308383290821513164137517079627302733572315861807658486216480231859605201924708897592227329699363629911367720913510307200260619337994312090676884704327035575328596392429817332420480585180544302570375518482891536241183107078518470913780742689512853895381910381938872330133895864838365141840740573354214864641308781881649521800510050325758629785453734501225649085616245159742253871592678077436327065797723515952197544848240590217040511433764343175014134871065657619992262924278433152547332724842663666220630372254787286102635372298851433470
993 172680268495501785501551256795031289048799616203145889271437738201021259706301643778707360565195390973262303765362856147660676565972023701941525733288771905412348066964139909978785916242318506979434041964057395127530356906102411698108778449247223978284435436606350019094753750102381001017559460808043323630336233796405277384450841223456565845504979320566571687493866556072138534879086101710779164139798291878669416658465862659996396286894003004848310851014943735724219810748228937118439975175758675142511993127551057482688997848460352014552615569380763141817218465652143113886282693
994 682879912869268676374375691145270093703464784636893949603985148337568480380584201139845542706094926926602156017367936309728117174039028281534214421946567637698041690890296969361096257398525828528964743462319645468211820874442198870749455659221452318182127262033594387806609277026332968358192382919520611206887144957219245955937282029656468210697040861388333394354582504365745547749061875051114101536973989470529687154702828931880970217292206912875096024465920955632143817392475152241512688510579304310898430988862404268586632463766023434398919631413118191313546631210581103140858000
995 2712885139783367170701770478466273082770862955710343137478595460285051978949865486861406438358328782104937361465656951980979776040293022891793191275679243655169934504630179307699087664104565747150181809543984902597823159719830906634425358208181505746240323449805305029494853382573367077411650162233769221915708536433909116551622062473506130803153558832739771658331738258932952158686323848142099812265440203632294775070927941535289895155738531377810269053326146569185993348956232701946738041524198023970625187097773258391797621420526100384957072772230450125219448336677826929461010854
996 10728352255827189818676278118841600851130370728787158306362207647713024153181128875358477924584423439303301484111657054353191844263877604702178744770369223163385549172440119173376501432218849096248393444574329649582674954486682051837889681137742658329926742376921693054438556486533035734118133747098396282517967736239777463833942436507497126793132456864122467426297410008261820322517120345866419545308415586741289651699536094042993212603616612423182295600742252999665070618448839613975766115900689482114282888537028419023281473995717485063666298143280409091418776639727288295773057818
997 42620998269872035233054992045737437350676417465810260909614780917798300082154805825309051092761554343279961362710022077076691699063188800094478291394768546969193099941847059117604377012186442764455939506671151383439285313108058015531417238312675208792791083768714891397176830932370131184473038707445008379821694825161662017138050750098484440064309931657418258736466410185794826631987188380716643928834933458212930711826990606080822640985373793385267768422677144854701100697809064024182709782626638921470497395223883205570533642709930062832996699140379520970831144001925257116424325328
998 168555420738144789963955942873415417458670210353797474015359589899036800512136836303801703966468230857518901004432403477480136528080604044195723640584313205352927878546558043998654867456120029719060013643118310272812003290865181586982756537955368461768205102676360010319608742573855509821324539986983097502958567224461521972024700640429871084714298617001338351433801748114934405559213381283993207895471251325170825938464750567084703591562725526645170268145640370440338231609282853773971574215167574534126838641008152964508853761735018022330185759713629268933397138377046144617406070838
999 669638908111184328767690675402887056986795840811672167413960559721384105646729895982323087716791784814892380255395146468661503150378330706165351626792312297252525564115929750236335177668805309338836737223445853882536804811777612398379637462697919165963869794050492494522585825250052371189004540642869810310727118192331787594879075860790269672610332474803743345385668528384752534758107517059262498987599447849744005665799958793362193999835353818193060499109198327260748207851617335886540857205086969389265504617930831973898622519151878452412834276944913884986165551031623533280173104094
1000 2648254533353023445625700563541195635979719619509576066116346032119027027810666706917661805789948920578872345699442471473157182615852121633210434343122408118938366630546330554105170645747252766942443954822897069759894680437893451651282890387586415266106434247561632999722162952713218784900567856192325307783744261733958743378906364966851071511479911437958661966294482491961605230287214181875086689457609283047404473128059773177034902382239524462659492746032274342817551489346386439655983029828556683613352156582196464585043372726216521117649988339358193945834708765305753912506102323568
