1 1
2 2
3 7
4 37
5 222
6 1601
7 12416
8 105769
9 935184
10 8848014
11 86210716
12 877833206
13 9109101156
14 97879220771
15 1067906857449
16 11957123227292
17 135371306384759
18 1567293607208277
19 18324585092969019
20 218003300428522966
21 2613016144162306114
22 31800359983002619790
23 389559050159518998750
24 4832039450150125525817
25 60252257070596373899944
26 759868228973084245476716
27 9629227248576761263890481
28 123185762522755857639913826
29 1582134414668293177901730851
30 20497617004704177517053601908
31 266522480995307176214386779479
32 3491520525650580869062996070752
33 45879978324561485007277413692226
34 607117591680084632440037091871806
35 8056917963477962525468870219718264
36 107572264639899467674530273456977510
37 1439773256100871848174408343230076703
38 19380122524017973402178766673667256456
39 261463263900728067000114011497864796911
40 3545257754632808765096005342246164643812
41 48166692910872374069437203346929938892580
42 657532889997884656517189580937274458099284
43 8993021436864452580023411071084017455422902
44 123519849308413841540296863829269898593819560
45 1699351436787616576517337504720073990045221378
46 23473795823553645118965160072314556112728019908
47 324759590838982396112054056767451937750468700762
48 4509432137522687445993612634301553984467718477266
49 62702374042353221967250333957373549517559844987395
50 874910685579627818240242134378329731944322788323698
51 12224226866220549666760909753605939541723919295028468
52 171336876140759316890664732962045924381139713877796894
53 2404333083748390111925523305447821842699322144683348472
54 33841971152892644925155589568306149179926972845122767824
55 476880007998609913227902130929465769480524781563962681679
56 6738544848561122313457518889581081236741248240512784945590
57 95316108937940960086252693784508707907919606718173942954330
58 1351854206434183663348990564246031173745982031404672523905268
59 19192059310444106548973840270213157129395239288276637180358520
60 273135741331851793977491830037875515092865371783586147169493308
61 3890646276667505824172754807876991058555787262664565114441113267
62 55551448591502119576034412117489752720394820669616731691399966313
63 793856287726560202823281585146117294272510326307762015731019813034
64 11369448970539869111331890498927633470966368679613634970891453313635
65 162958192545924371597912338366289560764616487615595197622697216759404
66 2340654464564628684140280230988379152507281239929384284749237998478675
67 33645586700682060377574225479012729686516228508524070626161738012892592
68 484587953483372575511723334776772555294020780491217232301458956007064468
69 6984208558580063785133244966258109835395336653143688371467231511366907515
70 100853585953244809516663169772051683250171462655157186414319327710098022557
71 1457325148344886866586891092497860972135878467240703966397223780887646311379
72 21095664683498596460582407305121816525708282162480477055588627288501426959380
73 305560194668009174373419344893260027168313585803991140660950942954383377756850
74 4433566711303409173280768020437285194098022417728418491414761843382674652369082
75 64367992205899190413442817868994973545089013506763974201814895476617938992430574
76 936025658881564278583294641865792733568274314940644151685006821330575384797697990
77 13618974828718569127683425327388810611419293436701562445006674212630502193033335679
78 198465642768835962282527127151738897088456977054444613859758726385299423007204954253
79 2893737070433215034687363109708842664068761180217815509264270936525113308531582610356
80 42254547059481950940854024073000059706274069450470684283820410082832821956313083799490
81 617309312182779188287306347791172387654566657665843926246456445693385289681655789701236
82 9031491214631593880202932628219078267557764784991093573146011031780866265592451215406472
83 132198535614548593179521394874321342844862815030341156650960072139532598769274298191040118
84 1937676595898777430183313405107677965043697106725869799811692672020024412956493588711625230
85 28413868516404156909373832396786598695474547814026303652648487041491149072533114736722001514
86 417209828072213994888511699674177208725204931068390714237240701966565669544669193111600973038
87 6128706509749342232647444252781151051617847195505128380097504111915126064265178530431027070376
88 90141419534345977991266399120340595592832500329276150311058120175711168519776278339457950382182
89 1326344958108747576540744883075732224445272739825453520982307474463238769270086072773226731256722
90 19539791644441101864098311776166248406187715215013920601063468397229660753430097899125976014791130
91 287976292861940909650050316606391710525213077574167390565976109409585647979536752564918250864822444
92 4249069563911037171824997180283099838160804140253697746280180958583010657624452560785659382178958640
93 62717963215506223883717670335182409692340051770347118222695840755317079007153380213088615017956686678
94 926789618097211566929366265498984435042593064914044096412544445710487983344681947323387283181981610574
95 13700245781338400499369676352069173671660974767768284242033831834174822658645655389492153956506566703172
96 202740176289164484100067063031740317929214284206299916137691120521552578405138417896060949513941138558589
97 3001225699984543779826595156334124465765588078623229621003294854708006558058010206996597910142928154256305
98 44474823430714673307742821043566054595045129337937593180055320736272290332198122962681667489121747137461855
99 659287628594869102007659559062318009025097741657313548992817662428682814308682046198092094689473772798299148
100 9782894838676133719334401249321276713279881302657913264547401920185306488972004579929849542821502251250915970
101 145209541194393276393650412798618124183460483025126038745625852166564901259454232541298941927409412297911837313
102 2157483934234046943199782187619331351243193597577132194342219932885465825194648954362272097901974440848440743561
103 32065133222087738514784126247786742121389005688810030340353835277112984923359729674749808744475921919258609874728
104 477003393973941162249638569040959898794144056777613031929686900259205156803497783457760158158196934975860261513716
105 7097975321882044911562016770513581182682100954729506545181278610256983794686923508819391665669622950336814836504138
106 105716945627180332516835293343465015531228838044795172223398711425409750573889844073929548199813065825863128504817460
107 1574989477824132525733494081058071062319154935175020345669173774703370990722237054413073584955347091807337309287563028
108 23484838240995815704729215632131797397142972982251319847384347911584004062993218144706872893555362087418984164842699710
109 350277774709939381250252923169365495063915381208764987551282721213485599896155375371725210899090416140384477635979579044
110 5228883474496008247338413630037214855605717747647727393664753342136226869766837484180916302696364739022544659698716422836
111 78076225120279777822145861526914448222433727044686257111030685459181562237315954576671962176694665900033516835801935432974
112 1166761767848731542086800794939062310189296354846687213801625260582205409575448235909685384807596847358246257181785625846131
113 17440229099264620205940480225809258794592177143570493168015929878963319821760264460092925783332072441950564621751620552505265
114 260898234974088880188964872702687507271261697004664944918839709300883983765833519010146544336734054718895536532969030645884681
115 3903871276074188441120709860997397490507453953882823774137827092628104727306967765336150866803157652354765269480641993351734738
116 58459083098135675080545775493696949142672036941824453401757738720808513082826740259251780585114338879166988064770472200288253876
117 875603489509741365981407834336396935211954712836287280179748029738787189064007636821987696670737016073878040901254202925665531838
118 13124740948933128274598151030336701071647336792168143914821819211070762810760124453781323047177300177388393863244732579931995022438
119 196775819426408076968440318119496430216651930138767387697422735838317595495490058136274991993321324172786115908200664982625933648997
120 2952334961767069547136906280701503266874179579528606045990169173757633967489357049857216144797427298627251896878545384189810513624242
121 44304886010041902622687561303104100968967602108303382829154268764685203005072672168511755803607578119226053345529614227683418704486322
122 665344950740958054454716573350405346669908362401905080069715540321465196138529648690326169648604017648069292686459250216520784146355227
123 9993860496071984993424113767825101912221652400486249759038839506427912244447106545450433596305453519294954489388105028822401714280107386
124 150215560009158057527041931177451539753508015368321313542558640211020602998388452991641556719154869291167797224125248668575964426518921031
125 2258304200496620735716213636225041998577987242051128486688040450478429199240570600708832238256161406186004730170383581480867987683180452716
126 33973608666202256594593286444902806858654186270941473834559448108132241224389213046042665777042699635112242560492327105435862323973632314123
127 511194150548456074707549803726352425544636738462951187541153504640541089639718521370128080533419929348249077226703208839969810952361673642320
128 7696783112208975400540964442343339430751210057470834232196407235466599419863317715928857924772780276520685654265841813786650280720352653842696
129 115907858918134699269854877512958310238227173416127684870644458513881863991421607300482285653735761244129256385085359207730558288263669972395634
130 1746597097583519876921682224929193970884721810029478283006877637502413933405846090040678981382847326215828755405513701114578971937819434811243098
131 26324016710899319234672615651499584954528210933307628175233112936438638455239906161872768640715600342540661790492079925442766297185666979035802538
132 396986625036310725165903639018226717308149791329376752309217623419480210576895569053440361648923984174545540996332846737645462293539587271385277529
133 5987902430605285638080754082087035370937994376571939438017771045868309854600977209967818533949158437937923409497068176984942095130501067229744677941
134 90372224795705265392710468714088679786363565407114474721701663355146154024602276488170492802297063576575448248917056179375879628201632603806877529752
135 1364173584462657363863694784059344637506159421805448023459082526609437243624590797810615404732461918350112043458475064785071577145653473089568670079395
136 20604165900061018200004947438584406926242911270720773203520266899634663740238038473535538286949948937221741314476336528531942097881462550682043510991578
137 311251093013973961582040048347792050614984433650871438509727464815952706037925498076383785110954595753100004727271425744549081133016489187826216376742190
138 4704517093669355846328819428692017716703761863200473868417575989582018395040604215197502094133408909781418825343029928049934641460199176122014198341535557
139 71119572711771890629644054564960274947027176769280267209783063099422083210000433094587433419541084152470202990281463118952958510043089331090073421720333472
140 1075725310715072569726855585713743370486469527420377834875937194889352144529343979130932130832049372044208457654744462638988209545232272126990017249401340125
141 16273456599894356268599343054232197631653536528297845460475350109097065235618229284636014149448248503495992274955416853024380780433825075335303437977914589392
142 246316812096591396613419684104834498074894063004620380237529171784257092961765928220723197772000945058937735368970158057383292844878589758091046083258483291421
143 3728841627355051793556135800509737661532505983714567248098282750797808243221731384583540345995933787652812008547304047678543518241968716854357903957515137812826
144 56478150109974013814384394106389861740694338429681798121451785255463795666402424602991699353550246928620268834975699911400858014812803574580258126702491617697793
145 855557622042832101393775537501953799432886133138442714412425566817002727258735868555602546648527943476957851565653322302180039003358542974648641534134391851439719
146 12967095700711379358633872576563308927799340003785799423513468713687212649271872566646097876993633057489146758418535172511992263758415405927149643156098668710545651
147 196561318176817714481356241728549653083698875025385447274544314037714396215400152258748918960976101177969836866026357222244200547349090293896378904024753918549265998
148 2981049983967451089726666058366342695273026713682909074219586880462698143886457051112765533549726454929828702812298288106783832259455930603190651357600480869385534138
149 45216728789016963666879001941061095672571512042068005237027589943703578403586277284775924520845637667194859828786800731739677241231162129165731903145848035931959056110
150 686187709967648685100601711071220937864000851804749375108903245016546551405764711088896194669165648731931051980313753654919791343571761973068634730813634134386112054634
151 10414657577217349858902197135171619739622505955352509707036281861137329951835166625319575363930345709937947945912573561291265527985272107181149370198682422304522218213353
152 158144105758480270447106145893862486036790549400687659769560009619397743744595328748381996722420163485634598336815551685477254651986130665312488721983105370165233810923748
153 2401686981245175575188305586887078767823064060489857138870391195668017958833383184549731982426306808529698825470820683171529943326251760549545358898744435633239775099270888
154 36490859672367166617999495170614170425520734387609493287087079246365242429749102943442383819697781549555461362352392371446749279495757772206143082774348595248339824033933459
155 554506798146262371968900086384192512729620428434326611472761587457421984572525118240957017279289513155748760618129823484749788959082389496170337114759569048723381298892100090
156 8429975756192035312668251350553135338404063493019180063234339745243769645187634266877945847610168455980918483056965892227768687547897763979869534347890579781861722254408852675
157 128173460757030706030420488763271393469136563250167400356719234338259597369191981183866784947789128653846977518815679888044544843796325643825040980834072899001821398073512720844
158 1949687235797120115763458726229303383522796202706826048837374897115095057601352027419766121248233907001944040168478416263804533391225359947568217098023597445258194117619340786363
159 29660864912583295070082129449583140735504530463558099100183728649565056374716754598307158928589836138680122574121971734823505809876009708955893363180753002757466448948543937969094
160 451430367087768399123525837255835706386355044972813196285745585226663894534685602144485031871898520582776347863264095547425497686869512767482745020112504370733849039489812820143554
161 6871432098939538410340352446291507623365280214949933018840624658490690311402228943611593848995001191113221753264961608499875574166298521938468406469535501385807959086915239283622806
162 104638247197861594683437791199243441096396712763796525769429939760829932724588911991293237455261030103835624673035585291172064180634582955009112675602550545280909780932410288801964294
163 1593613386676916386621455387016391753638736222696447919248203174695704749856498008768885674957026757057322014903903390639549638181731464460991916340777994255689977560491006601353987230
164 24280380715896207465543091279887081007754681977000082717035590827583017355295151544744096083813255830818982137772269923029231913318840498936752399393918380603568881477784144005220599572
165 369977176683317213578078389500098499638988487739601996640535456694104198654525331630858019163280582958537282442229829491494983406978583170881666104777659973035913213655747077750906610442
166 5639920911137554865107530733128902006363651485046646158389337767651294527708997027839319913271752528030359535165728794492009699379369429427392149535579898990532318985415309611704817631844
167 85984025355979936128379691763415057874960617872313999506255746365918880547905771348127017664150357114521781522483565488857019890758873362838549819669716823270235819514477061827593595493204
168 1311399622922676332814670653759448961194796793950215073953349764878689377144229532228999509004910638949987991743765683525484980656041673884127716506372319422199735564083695488508458067865566
169 20003078595761435551704510949961266266823215559913821935076780658508658717376102932217968091796670721260013458761644832039867362847978974491103059225038409530763815282973474416718159624200570
170 305231940739035614055265335127497396828126765301930141430001390149568196674399125380529535434874527292658108049285673709167270889481244872484392768380661035965208654619671893533616354901966170
171 4658085582103074536093309743235470529630718917970976167746565813056409709494031871200519320793837593870552007074734096161743709503312175454386059211288109489737247415266494096690389737422949284
172 71113230645593421676577515676284856073876349344017464385344806353661115792463285403332564873475503760228938954573521852004143438605966756437957913357951494030545738886581151607962845256077731266
173 1085764443787633604702184832773951807545638538755233733034014730466918165536688761738201704583062783471122261802588199796098016929566843121499524667544948412160010600465240355168663647192018007976
174 16583841119896212146992196978429907347979012605145268811528676362763330222163068612320633156995186452563979557751575783549543672733815159730238421459496735795664609557674825758270886699818941352670
175 253324227936533959838756023526531331316773993299394420042350700584099704191029506998262732709848987271297275743832590956371900993706947921895600602286832483975438625921648462120551961586639488710430
176 3871036101221966847873642692235999497522036860676004589038663201158641374705338243842354896885787119661510756972227139170492206747021486956053432547999623558797885977915743978828545471424266433881918
177 59158601278613098839611388066912994486463178620488574821985617678424503518219172695506201962835660476308168410245061838401172872533295266643797707133359184179368804524575448044426683675007365404941966
178 904412325234374512291184820611544915038756238983884251145590676035646884408211426235675532288524171408917392648874734948915947063118217060141904157252221862048952310542477919868788397286253187718038722
179 13827864637270913564963769594886164791726324768878513380163152070425810233933304000629812982977003859025043902878264769435663142712729635282144817753411785420348845397555526083080672366769505574602938444
180 211493211530639903698655331394111476048550757373922168437285925419460573910355661346571652699826994579262333071980070845374454201986318029921186939999627796314101848580810081608948375284415141010568376170
181 3235012604409139214710556105277386819010008209415917061917845214614864258742637751419661090163225061697267396142255003331688350043387465672128467885182853390383495751142244297768597262299268123185903981720
182 49500227854077136765701561955069366510750518264194161814157505088408881181848178622727179020160824034552179626466639408797832070380806682082442135263141340332003841825183897918850806889123618767937807685418
183 757489329776176745772802310507499345931977611968901695952706671187646609837899145436468875956266146020347992116212362521130597526804300675144390887847748724392072601558023278044957856868935301407765897740610
184 11595586033895432617150493309585424418066604373264246069982492511030976392017887374276903609659382505705497292841191593572373192876978645038642886037873599137301357557489202156185456331085719802687190757615396
185 177519189198546456921558699582421555547155704809391608456563488682810204310182515980694342666127193251518679472208971713322939884749094884082145770850401930207439449674330488372753096655409501158771602184528428
186 2718591279513060839332217758182732595429402770962079042880458521167418378939193219818078831505839824681476604041260469379058305813137696680796790057753799134197139601669483560460838636871090757288877610385972194
187 41636947091728796812582837896968743374987081280834765929601247070485498364415161904424177137080718617744543246020231159240108700641096009793791845806323290253328790248625070764749162716110873694170703889111315684
188 637903801656848959198107841478992273702550426947900064631349551821379290851988522458159967201045013181025452762053855533258169392604902848589728086111451465033886738693679157005696623349406845851928975632603947038
189 9773862491533924677974603376573924123196710063970705659962653332696977083963678147853965503868488220467285310593020430282914878664015199517404846502383558910110557658313115897276318473354168867251701178597880409904
190 149802053915383080478513695251712290238977760472348141389844761882319985552215436158075867575193639952085824434636387684905599931781917207705956331466714894844084396502346652647163670698328164754005795249874703154270
191 2296169487213894441480002519487290619691712078136164650016953392018344226806462976822815481209751792625032085342360871809175927230368431009364983361991037813644151621934549044341227293309745319388286973069321214741688
192 35206780873333852191091114722794301680847823596778981270052572337860575812459571353586559238542643701264456101171476908060220435160460965186503646685641508688007464779149375608908388724675472495039719926938783435226661
193 539860848591282919381726284082094326550004856756926064737390022516745494777431214986746685427414667135039513185452386985124602191858095826685333980358941276505171573875468406493099058785606817686422756033697394937622357
194 8280810007994255966881847913488063313984907926582085740549625962293632030165355802351734214752460661957751538947985885674523805743357025563794547662942498239200273140499024391129879512685904212466668758490436753002578529
195 127027251428831301227626364244099703609492731030654496163970401310183969486162159077773566424929764434866712748843946773324911477740049569711196233417722553556172556278482115972684420622508476160564541230768599389193511454
196 1949181461732087576748161488382848045974359547366146768266624460101503541338867979413112683963664927026690517108501568612276339039526691471387416216024138826395978737747582651296168288783728717436084214144086034768480566981
197 29911575642308439971284102228680126883147465916609525649451031496802287290592857214472746090866579640534883765647587520723353538744128872332465027232823920817681231233291490050359556255511162687640943124831127518346187154452
198 459152410356950713134653001515306750722201144025929978791093150969853331189583992580625031824638927445537822818226717553007635815537102088833323553784729520840540720437367727501403083322926774954641779820756122548097403059723
199 7048651315736591394181527175418381081370030913247322909034137098099275875147143218439898336100638229059092625961893134836164742240892572675736215820068536775371353013374127241993574602340490772482064418344974505151869159903743
200 108238528125168189611700109294524150446870215033395782449052572589275942266020292733239578868005401583759137465593935423578775564006665758724276654404027758787720083450562326331181767924767615560205614986196557432618761648724186
201 1662218001928707496108538829063071630345189983011233386430887862308639222281187817004709984009321019712240707363821568139695861250704430985682444342556758006543045580601397748296980955498041878223562966474092980404565449121069526
202 25534075995526181657870838102709673102473370915999707656736260171877555683706221087444276717730955356023955725413652078576053778976197143339744437847049138447944264475191067442910542357638291820705669097306888609948732675376883869
203 392267691246668331264283512890234725687069317270976315413737701431455584239889711088754393506824750722817720018550002561636937687510193310134076010529539998744076808589593430210228615348083334492769216952612095043773493179425792990
204 6027916665895443274903310935752507809118393917063699370965146127391780901422877471168690308990197073917250617118534857535284733161947830193972607759827662162349856229608988398895856661565942569250320150973120457544319318280525379769
205 92636231672362588400911312548639160277138492413113525816026674080747247599734987222142774056745384011241603162651249955850440685778318294213850317101358243428809680495415859022117664697081535406062513028368032169405503230221808940592
206 1424020363912012677297602288461152565191120925914371843781361328511348173725734427934089125343112316872074055540937026479412780578035529019598655170896330001346142440628272550329732810197247446869972110800000670000632984013435315976869
207 21891746951303518515549174691872068946729025254390960273349659866570143626273816645915678386879393093272660209002979745356673475516861805731308746313042944974677275582672001900034208109962938394838894409143944499330539349066163258455648
208 336637760565597203612036942380524293902832913947951726630375882841986152228544807344096822885838478817590034058379928309280235178439945394870406479160771714948964100456504871930751544328095117986075965094589916732202898331286397788902670
209 5176937836658609765053872441204710529873535256303137257176339050018740418948495388013462665125124113772340159734481341358100202542000098692998312577649774830797080088493016896794329803390560902035025674411890213385020100917225321224978598
210 79634400695185572304264962592622491777276000016341147843176335604373096779282909542872620851736639207397437599265645272128383428625152977363624366536683255619487510981178647322719447759012041837508827335748270448716241472130061482912498908
211 1225056689195456203434001160437425498950797449448580273343266801179068544306598188886478649170385633607611762465723592040663576793601621861066724561026208836971932129079707195232384703021037612189695059367456627232771299329410885061879014572
212 18850631486678839771757466435589887090957331211848078450171737540432745525045512261475089688570925301129195222504101126564936647902551915930604940174464718077296787508033271059571418114020439296128199651262862029365097369608473248384595183066
213 290082926417273968797360272551736051631984966625172176023669551424875930228190220006880962338487588999835003910473593443917267163728582771398456196204356471174314587629190548420352816359725100496112054601146437408781169225313308949249665113204
214 4465109678387705509380211872195843406443496668553093821851761520166595442424351790108594613409826914098288445009001990873978142840852399098813980671279567957004231983646933834721610069794692319694074067995838631181170112205548187471197558056390
215 68733525070749909302844536912615619678448633123883317406643893328566543492380425790667445101876570307771829339965896480391037512274730096697467937308802096022236265271674955686394100693298700735131511309590146390395995485951210018117491271537622
216 1058316685518684038344818516983548636451918651484922124870148864999328416508056764915470329238189613919223302719515225198807514450343569898178607994512509419020515037485743638106936606206781930503083012469510453030053872837365678330804434839799608
217 16296266707838852291280263169758684214121476390443999043710355448432266422562710028378502933998327971881293967730727838290000753084800965954207283951368254724018005926369820685431866714844796783661769959407173701785891680720618472664230147450552768
218 250998235879287595437851257106016678380619950957814482030986711362783311856411000096426324847556166393567417170494570863397210541983796282688268657676295225382542781860366858865947717202389065050638408090904160635152883312655648844347417876730403894
219 3866149780414849161563644492631939631979624778890553782957637300394169468952497792452364490246148663067480387360683288341729201895783935261229188555739551109272952803290351449843627026326232846468805182346973675126648298171377683586480246351205200840
220 59565346071902560442289342357200854754008431605939276650120523478717271003002168108708163285125821250119456650478303415884647070448112190117007298577138862532306224457971578840163907990905642373083114565297918147256354945069953848423194509096907810312
221 917768366636238641937739243826281470013398123896686824105628106551720345357199796741031696981177053505931195541999565447419141806374658983371616177416337059411969759280683929555772652814353347826767892318992381668208290930608678475587220344695698833408
222 14144220280073628469802405485367254305752106725760927090562173209633883360584121743294348952594121630618722577652396686619252408786420960606653009954783099982893159881971533701651760857438385918925746377411008095426502517430073642120902535476788022596656
223 217996415128582136551717033876443962535459780898942706485571152360406286807658202260127420370676476815939859444235633033921607448692556817351848457637254775132120564619557227589394573560237983155929691094832466765643963429914466396123861405453240574946508
224 3360650360627727924034734202929924528837448130080520262433330622350065519189114027494956480458128526273888184165281137195205823491402990652022282572922595376686986656906590512700804465716901356571863238291748928614196356810725731290411676762177245438842416
225 51810855041039356340189080214507914062894515160090399890903886723255007674999041269630459050914499453625083156654611469230137501087064614540254121142824526607071506112845350272673229155884493778547758115204908132368331761765620428474907757801937553789299844
226 798953333157906183016450386107618195914749962080554945607860843615227969157061025643390426245090698615831314547227671160581086167690742207219637672550576444093873352672185344165122919319436064888805807019749216999846029084548192234015328697160580515243679554
227 12320987929741848894449408516359608018304532568528002428915143017732278093305086263139988679610254961535441625407763562869740419354377854974112397734425768559535136834287381058821985697957720232275145624948969961147845264290998498565687278302764913897106757142
228 190050961631607406562661591610385092627003452840454774829281734055215738066029550200534181410058477305053394242028816168633747077866338646972915453854625944842315275577960799617749184194578893522697924352160758836493773207790415231617738010274793650595551622867
229 2931683850145590318189176003935456074965267218798218032012962180216467798724534701524877433125710376150774003600279415703583362287901238912497056699006347401980637601859418821151075253871233435642513857489413648864205665589112942252581891109624977976495063483260
230 45233917190834382255068037516274951383794252473877102111653775674782761724717610877338106870404182624743631835467090214382719005568220635272574087028258831996945585298873207920260104280836155627295289550181457567168922322776867695161805836802993505097587389162351
231 697965231639384170650044354681925394184362490055242436102877173231256035212847317217248559021486861915777452374542466856734103229886372978109492292580674528154102575425471156707392803550509319345745743958872619344953134929880125724606561605309905602450079513722430
232 10772109548178570980249789101976596178243512923423313227709129338957640796716329028322420421303049673767938513234924017020090082699834411936422750209299999724396011129785618824017025842276014698309659453217335478345845120774433490429754797579809824476603878108955708
233 166260616397796926250889368923967985949852509126476876210557470558201739166636567494642756815769807450128526147357543636570045808843148838865536073004089488498127307696643234463180549325271145688569377764666202138728335380864444047077446578395843708536090807687792452
234 2566699526103274791649331323585412555376585286184418682304896839803731686965680307819566523133687314873959145933496735079811713378427771606346692055231641242765635403278317748272320349910447305142641427405899288422289411498896949022601990823370044265040762810641147472
235 39626193170716144097871062180282786777078783061631247946012378499168608209501892940626693872044568194411703553712469951375935054830316075190644685918087223028041931805192592650963040466844695915769198738671447861202943334846898227740368781152225081593131616880561577064
236 611905189758449546833866719662325876505544690230300519969074607883510369111880230213273224320718041660866454176403390018445463166954224488183763597134372249882048640011624416083421390215677526128117239785004442066773031669967529279083434096942797867487518355874210281646
237 9449454670637783536848016028966657820147320690099696742788722399935823410135188680982084383623321499040065685784098952214419358023944779628752777287266301327615253687067406500516703424601813929516226864128395870780282666878010680234185372624080457237840961309219322507788
238 145956503905304619733784467203745278469483260615728062017693203795116003271740715921150013468985004459643686622049621346913708515198958935520314415577351173435610401574043861293922068214748727700154208808439825041690293224063025280796131077460376953865496321381827950839494
239 2254555843953944709135813324381629547911542000616598625527655035008352507492011105149884679377118607294252467354710055919034898191858213580709656733140857736720025194933770763289598532223012529464623158907076905243802904041702769479064225368439006908358657436874364490317058
240 34832948820708535497172235100155914526445709515556101058897538245097428550786908664506814880816259548262806787005632143981943577363224811587143368026259931305853507595084292198090278487204128010473799241321410617612995824449957194845359681505750621379220819683579997333287643
241 538194841803328345783025829141394597572119930790663355242046124545277371427161823469486754494092448739836208905529961595484628513849590982636868054099158766674247946884546637793641621182256816460551969969878814228302805180349223853905313168906564058611340875133025603177310706
242 8317258557150887768461534941665621542869170461502676470966559399444566719051884713406552066062511443850668714879087687532231861337649781218743886878171971583329586834869660146225110033675467180595865111683078346888586668889713454564455449954450492590400358487706323987001673500
243 128540785786959449413316305852998102692030102145249387537320147853518282648793978261060047710667768796808662154790756494153726978718845565545401287328994797004131713124138045981609454774583147387915831339724740429701822599139395231649144318522562398420617998597117660061287183418
244 1986967371135224750959282020201959876708476747772421662472204306901829002754163603533180157108118501866078726622561043079662436475302205096401163294886899699692235859575443772724771014157308152053144563373987243759194736568858699492283569889575753475305139960096886304961782676506
245 30715657731734163023054978203305700104296271459163606328860997674620973971187475374438665489830361726815589852287055672846951143970954664340274333356745114707099865511019519852093624203751705352875202750108580694984722558597672146288254287226484337881153117367472310983361146804584
246 474916892024012300167524096796071060889146867667985685950980507100278659627484985471425969748928410927664333353931244831442016263044333401862603813343367091040946605526405578659740547874805998301620970593409962519599955153188534437316753545646855634229312560204920076166631131366545
247 7343358546049549443139389650038069186177576670375006797801582778397003787808193736270532076522290666253512959689868500983158257092993165657996674527217106796716810938917269394365698915529499317575671128918471275161684262879009229833777062988222581794662691237992063285753970620324410
248 113568624176000261738819835223458914669122946547350660859327798596216811428063801850437581931178794231841653851423910333329876891678072651441028776743422632592710931058842528306351515894941663055961411274165190550627602485100249879057005326310647897325210451652163695501223658223560590
249 1756469409692923825272264434256093262943834862495219792042451021306740965086971509290989113625084335072995614543948302410100609823814993123158765154945827500814801417713679671303509017668779883542662493535702105096673159025437155022541933838618555692772359661204178348947450820716644700
250 27171214528353640064629953561782802417193367163161625292049040554043171978158261303789511886569924106278492187209751874401742506677874476328969915568880807162854685558569051888387837786390943109084761306423437275337803036166057746476402045294885752008474548806211452619033783256020621176
251 420335571133981698982467197332336458958932293944118578786765887782700891380165685984762310638827306428456519789770711167564986702168333426681504209887590049632709635616588315163007369749552298707318720325034188923910051343431753241031929848192461237818135135603558551561381036023031586124
252 6503802131535186361500145236592840236381721143883072445338278500999188894425609077492177802329902045268181309632634146446693301886836383378957152503622023195927944000520699717376972528583958189025614495962397222882680272047332037195336926283108171946503688908785964783862238119140809436155
253 100636707438657060594511429857402663562999595784485834222400039312988920760147996351780806736881741054488606242739862482026692364601670505694279519002989740221384484450290966636848017965379214403975574686900755150912004223409661313670996697652607021286089211733522774809659303980014453671593
254 1557504528582500558533491590376118545885111268631589828294339727622619986643436996682636104029259420015736065381415601934280111031430030981671754036684903885991209167254574869137168534713884171960073158341562701576886407988088979157263042418241074998213790256706445754643935384862985035306686
255 24105723280703945769244351043015009860770480891338116520350199925197013962681346417452131815367754311147485944634687274400954759424959103897930555673163921902982757127560870103659565464394194072626601138421672201692730622268130955498495140231620144337076103954589597804314845084298967686897531
256 373158029626880539749805963125989976089166413691401919494393653987131298929522853063576690994650422262759966423542954776844384606170118582799062889971980962406536911055469749923041721387255005070830933520865140334797324730917213747862811871524351774204118690078880331620927211630687936313027424
257 5776738434428356240675200593839750205971305012611929142104007546733870381761988458744165423818890911587124215220263267815510185139183833717491484483125024006227448154290442565880444891698748882498737179919809910818726326155247920784069397330722845402359077280476451275054280571406911337593626749
258 89444603805647154496205464178049776510127031765717679674466467143008602095617962056498636995424122760129437888374234385054255688654627368136978956264349300206766886389847748585451664585457104496623428213744236673405086248591110767578384967636002723545864658768392040033629770664921601740828582173
259 1384978126575668314863216803177489170010668349985375188312113563969289424909601745766077506079967664681074920035031941253067965377279192437764214565474833004439352634627087234493993139684665304692126066792049825161660252156552998365527903459900807128596390070966625886555311942370497364188993280243
260 21449206452408522300486369588804854431465041854487000054020113279012793618445214949038482293681661921282326330112628905355683140622078033503592745250119604020755700234860769671240208766418725592227574081028174073174752426978733086808739149431673647104983043848650623235292121828238112521340127310603
261 332197395559644094339812454318027442615077012310082177225560437729994271854340252027575780438556633559771997378060373849054308107036627883006676052321779318014855401919307105148005842157352527620155469721871860430075303820757432338877459261326086965007885772071350408499115868722214638484374864314495
262 5145890131135277564640902427732531862346602700584548746033626258437403627152354948174501708043743469569182558510014702729255457958145554280483503166226926151236485725367895308580330326021388706224737090956081344076157713369368712946066725259085435038678208912247391311092356637315712150492830439841675
263 79715267001203180756660318520551762525351830045904129392243165003360416169974316705916934851050822658421943878256890228030608820929881949728294610288957608119299510678166139458301494519169765974239155941223202359779460290891838207913160927920293843117276560978609256896028657729989865614125676281761348
264 1235093758485904879071278487724181971965557093164051565815100480196941690354555803622181782027614947918187665628325261079061310833130124025723392851329430935457714234877793659518530405030915623688528592847981187737685598241275943961188982726693149597945206353034301620816183639089302777225617593302912332
265 19137026192807213781977279325171800667328132757577394485495361132880492731473109779686656831252394753894670403928533626172302174804934485452108048916197143430050390348486563574034847426147448708448020023186217238390716129005638035225600187011880167140416385623323998428364121799711167959343634562488530444
266 296569294359553422873763920608588895190394186883392402225461127928368751998894151084989226626478091472906688063761921442799680964885461236956487355280975691052515975143047240764812006412691610462864076512347185620917489459659594703160844156292160838356652814999038848416080646908387678991502708360936078131
267 4596148608161994428488848498613338309705128904319123674197884136405022348341494975933082661136962516685487469277270402806415985842591697223460568130109599761917983541418460789935139867344813238223760890941163152226780903144936724799931273878324016556821956839394213100090555279443234357546890210890567593004
268 71242199691089732422035892576279544976688323878119678274779967008488684649428646519192778807594695896705875755172903324693983428065982746989154650449288116368179851256940372116959613027590934390741294295019016010539412969744231823904220850867875023426723707787557798547471106298089717635156428997242917354610
269 1104323029870444608374586004970190778243393481250162671589623579823746259942841471864158024292727687681939904842126736868402826546529301694127737819192135062065601688283630307330441342597044565436205833800318570897258713738710576200809300561304322219456005100749488196343203299297302501905339102686716052867537
270 17121038146214324907318318339481777743963243147231858595572317952024990843549274643226635826917863729355797477111131731456017323289260468877437298010744657700869324129206050157571620780020615638557519681230986060904827791808790966338582742125371877716171290602105337942899621836114365615615067479453667899211191
271 265448115505740550776789337362872780529379349361905974060887072631854025659980562020407970592400071262074442470549585493442844889624031117789929400695470443236723394408825525844735809020822324030767797641192598796059965392287932851250974723326649617883000490677834759906478877273774590879389926785406399111277119
272 4116258394365950333208793274285867291759445718970875397848686300189054875112398373965944348277519430728468600201667196057249909449719715309852787053183093463080515482294091730437084362816891293473380249702361252332638694202217117967768254988766917072335408035745760966775928521191032412708764416043299162953711099
273 63832321598783263736138751919077797771688116564123274696124619038012525578184468015079242838063202469216449190010682097668416071644920380195123578146561544533889060143196113650003034798289830637443276592431484361982616935724435542942019545929417948900527690252824690130763568105230291264431979188282796016939232584
274 990038057163601533869682017495998007340330394972592766344922021814848904606636518544409797452130829865200721945242896431255403153697786016847294516286292738779805402648995375488399924291370861816148832671693576191628341550383127570056001926490849994303779564455004291843339310085694209129455648426116399464692323470
275 15356003848483066434472543413922257101344478411554998063370512772178567951443613157704435339287843754029991137046281427404778625801274790042317712085855436066955516742065059510565057074942931654478340051305401655923009874366311419065172221923297958005605409661972991859078722260331110016678334460664748264819926577016
276 238218825601181530201823411293750054933457227204575268380346746001752438294233406634932960519687637913966892583029581363219540167379561953518476983470913666000062606258978885662862166544884317795965542916449812093475524856545886598007496478488996562762436840024316660858637034916310497716693289760375893484536065885660
277 3695629895757899564988559441957138597207861805611006566240737058443684935528451563244661419254112694720749717040808296706563236537415036227670284733071730796231052633546737084344269794781765343575858303435204732114288134980288275470610536982221648102074947783016799481604547399455738334757318528923187686389268227991494
278 57341917214806158117933890964200920549381494159422668102520028629710106014685424144150546868356142002577984366772551677599978434891406455781233288793275408303462019711768574591490292341320851843911388924468541968893689474903102990884545687056224310590526098615898736739754006161825462682812209683133790724813243241467863
279 889755148844408429643644351224689281112708281123380876958767029105427404895355637365165746343611324394933236282981228794855338370081754385098075179192809985412589000760343394313815270938035730242664397202388809434893287047268869941572426745453854518785778986312930406731295188049342965549285288956561942123476112617540422
280 13808247303860994298937291617375752232732350814102127840714622982190438354298318973057597545188566196153541360316877169797886658738557557018249902860956966184741447260118182705318035960853838791896262406897598842685056334243799798388952553372693865708696453627643688724092228592583353112752694247456268206069090186213683314
281 214299250320297696855376043401373713072061916543643908195181050421001590621962274834395878737168751468097721549006574236638689813380949466038928339115438373140617638408072933493862066807278453940268292360921627698506650073708159669336951259686787280848346014364537940759186334904878297711054431798745770060997037599384691830
282 3326383533448121465525532847824670171644069000757739342123608841451799987712140573421576155524945175907962433476707744642106524660870983131458561839770276755268641236573398318818430720161215809221115506742922725321309374724185851029675997576526375501649971022323459100696538019897694117169728362844046593499039604603121460728
283 51634275598486440294793812479865027237110508787679157023641620768132745136999285750278879252398716806841658992604964761895558189387741819670586812864213480763012649673172345883334024770374257054655535839751187462562579442860640341792007121272451001960569005388144122192324405803073303121081360329479426190739464535730085184152
284 801626120696566391425970511519644242877532074175755177228023913154421825439441547260542634596594289076798584649546284496666314384007677464085289230770475217865145740964849566227433505210121324208023037487779579071321457129951761080458540191828827383489501560715579637522606559848578412515688701448579919368639443661907985070779
285 12445696967537909162168389411627949913382305798029244598868908319518571331748128212599522413059230135685609985673454036783084030983844826147497325713154733555632124675915380740530820764554561947856476197691091018597662150672275202680067665625523800243805490361428429971315427783902083754935711694618231651304516406213681103891629
286 193256635400742576115545227870171807161356882865189555391290463669769139874474040281858088698774851505459589420394367296216025542671175504678700199902117398909576566105574543828594031128566780275786661540908736336431866400644794324828849984285230935512929979100017101142168251849535114244230117033614750118533705100117593700325896
287 3000980937550778157796277566781636624556235977287058420101315413464748568172055759770115694631430268694056588988430304976456030361254328862468044083162536597478586481706479027867151357076579193421827520727802030528304280720590166322583375766842163770814553863259521734279426283105123400158679194085149551777779544790111457898362819
288 46607778485158230414136047696759709523777728034372310114347673084445675653823099155289212520511369740658226675996329509474873480769149070191746874112467559783169557255993397740362869541577638597827309751156870841637033622329469715147491082046592545032968509373455810779863692495766586197998659884959801563654113896129822245739145412
289 723880245937276847480834500510730793055764529900100982933744877443026158295495454494980936320171485286368158901636934770512881936708552196805778665026680095148742716590280574987026161625435537291008187235854044322167964362264797963005919078710615041852378491918138384669209684441008925387607496534679914337859757930964667697093746568
290 11244528232057645150074357662600396932442945508813631015256165758089906575922605418519054182404133255586721714282337487526271022125920430365809480995931906852979092539247046322519006634960824728467154701091270665793901607934487037249965051276291897023316430680042856024671200195330258677622980741298126180842204567398781803823769210116
291 174674278239984150579964118366871011280114176973451714881487523724710918053818171892698250032723199424439730216843340059683507357146748298476478201464013228881795825580648687188431361850138400310561942526716677470479734282423694456791456088767008858149701694506984625667190182390057664958390737742240156548555380840616238908477921287156
292 2713822298562744603769141521951372824644889557249252060233119683682593048896125685755211461218478341653165718638292948724684735129214854804504098412935639244471275629226567557950796734313474277781358214501275643868577533246615077838124793053105407302053166958934400050110691653124414771276605467619919554480336833529510075998302530341159
293 42164464807279994222433738480849866741591869143336523561082357673415936568695320220412862213220050001996737800633871051286633349224849169976320613194460671681941622122010337845345291562439597476763114513818517984895493167916030919382295935897168327414626193178037229108074308992685126878255541178081395400391349286475882496145384926578324
294 655203715084230347165578911163172752656954338576804098870092745274278761648044196639077139206233450582168494788254361071124446640222212867249500403881232984008395333918593160477741134042212283127405110881995184367710877682544831116340034449023391062603433713159105658706902106684032737835215928313205452609798486087655349277681227885084325
295 10181666973107236105741573067604604738931745398984048609078921311131828666967782818818361031585727350391075965890545848324075660834872567313118907624180405410943642740359355800802680439982546528352499062505234361049609012657542725725364836858242227385293128048638174424381364507427872329723409956762221059426586996001476446604029321416451416
296 158243039277351029877673954109653438641533077654382854807158187414485754824969226998471854064544185293707003892801126365532400514243460063821355831446961241689063152181882023959755419831818164714540433454400332489800125483091153983900256136122067171658586893170486759969506797900607755475080741556363444519056751269745662667974257636866495356
297 2459476520637895530479800166411993241963992096637071378669817838693744497972175181831511282778510525158278400301146542795339738999980748957679076838985096700658925561838343848545744111746000847521103416750122345346556613423968799154902433060778956431266291857702515548187350968536645775946147126853794966204173292375668316525745459198939435010
298 38231716956483949143478110576925049784211668258300247783018226692916491034706734178988720818213476258256841508777403557591692105104802957151241851525405433315834109877815698294051327622577348188233768365496240821750345480409241928907616822772932761838487984356509832456979670351603702470777685588282508648437517396590330500701942147779610842122
299 594315846963738534226400252118613042863352135141241785912204137562558027089799973717353505263077571175305916927580116119295846349020720587735308443072132084911738466406111246035967698452924850658498587628984691598790909821203283356309182121051585951141580411925731140053965041790915386603433761005854075583143884125716840586557723553849481834008
300 9240011586916699320570197047496844828384779668948312426391942648606463610224510779359390645644789196824974277356586877833615860439007499408512055752689468104558230309843234559254375009109188043877116320753215319641688117499296875294295345700582927997670617930387531990674773572278960246317170734134518527488644905681456932054226889883217168844296
301 143661261327698206215858335368900909043915075172313146107631162145463936192753134345352669141384359723881788567046526693936860583897988451915318875438512623192479101512763364963582903622485811414269125940096745010010478632272956475389627638923793242174930993182794022947190131465306719720201667251590697763239019131624953206662534528385008407424378
302 2233923989189184091913383290589462846131588361569680777108985989505994920190309336185149903642345647269395559579962087917500046327074381645938994745919444098481473268012647685497722537079462155203112138920297999954960791783946831291341971582452946909377798769050968544602902119356008451482526756607602622169657424914692468131390121442620994679034916
303 34738343507299790645081490067327048667063648673992728459393714876028295411044899028690000058783693543810890917640516674130833736677266211653966751049684258435519855680814635947473733066914331746306506753477682154497110045423783642157229144893408851426809071230236360121982919410415814431201462926857928993973700706061536158429355481589992470787361326
304 540269047376192346833254063822562199878994511350290127965829408766416586219167216904267284366682621196952042426978046565850720394518418045374067533087590327827048811188426599468286864974778806479831972001134405429777154102159960104397384456151713051096672288069750896587579130965533820500930107800760990262911561545895561874076604419309804040351228093
305 8402773506228101510788741650081231348008088535235186584539884721677472353971757580943063425379028509361675953063311419668035381094940349486889912678815871075207383655642140556773380541698234067461620893635668193041557854583713410651716397085777377741000515119530315555649763339293184224396223307435704952891736496187233104418425365487144147951399892712
306 130705955329520768002402373100552782214756227696685235398556348653440833406835297374461283218120278793192987731217080888677547049382706268893338090405826809989168005017628746838348994623609173539069299475049127631735050925424754356681370150997711354123616853389469045172672311027601512010100555823951009344694094163653221438685779045395462342572833850292
307 2033198273892432635863631356422187694784334403519139557170026312371774985688068398843206884219738928432561781506602115240262258041371519722009939720145832117118291431436734731894597899483979032436138490887262619669351937395481162683234736692747421187189279892051441675464367455344672935710688395626716702051307969335108200652473273022118195444469425524050
308 31631731639551178265413039424357013814515479473637843323209543508184007782672979370756489899051220548192983695255866140302693363719666719273672150805376948055305155968004909547992163605558913787706419895464422057744692941506738528789205512169567599383353686084951558628145575252582426942196024057167417609444312754867389961771753784133513547659383994605746
309 492127278525003796130138382195164120214178123827866926007009564500173537218004270094988399545831414982947582335093802277881804419033997000586129951209659582592049096360405454549434428072606425449585613369161229139399916515917110750851863246253624486910319712384006025095764365536419188973804636962742296908787875560244968676687221487452776854708809540395430
310 7657564484435430738735043853233970954007522967597512886797485082051545790674339955443520901690867541162923650928570660204962582359206391145553592525449514020597910495173327302341428099759911057830923892405580055544876272465211536376057005129238546582996815844232147451659460394058844068443814129609601861259741043204575674092559501796668308946060344278134179
311 119155794240223423414516952226903818278477112829696642014850805192164204559718476453495801583252257882795861691110147738041826984440319098335557313485673246276039414835809365477767427966258241427356320709977972971425122137439304773940038660900189289316491701881646890571371129719902568407007717077819570906539418581450949623658360839908912952907488196710192926
312 1854373523544800241107614334382535951924816229594531587097882154348757133031809755760717877084292852813207603591378539665414679880916570768252630806226195215594011804789211051821039623208087322963714980708060292717388038628818912875493578130695383199849779353092050754141266779630190829764522730916529807810686693069443521362120603656895009033609484217342886922
313 28859590842698704150977984032364807428134043958316824454038449606143252469584764409959047282538416691831697347305087419053157800875480788733551679762211202684908881700613382358785617529855817830003008385639686199881763414095659684914922600458218225837676492406329167577670811068595219132046857017401905512187701566501375317940063021401006817915371530930989060968
314 449200843290163689823092672364520965636716319379834342336954708401498890796194908324331416931431141403008387435147232627296233892081159860980165564149969233909745518169648934385155163734575576634440127535180345059633798875485732586057359187313306675349211215261673675133559869417086743645885351711535919359691602371710946426512938417039391789872163917828969970968
315 6992007822024366276557987525683201765622325056009073677161325208022888185021615234961702067559170436876627351581820327789378251842532523094184764434354436400147555807853513962199299647391690225822060300663817980225801271932777171886666934710801741648899122828177011705550846884856987284986212686327541122767516117429705926131491863926633589844731172315679812991216
316 108847762057768508937445169132737793190945869334416940329835091742449494695448285567720480839368453157328395937103280547042545922373529898403496886097814888265361056368910165277264045941811672289885911524284482219446771916702214923159811619642706058927526551642266001836093367159298167364724159712922294792910925202774290998965182111328981738336103432697255688125095
317 1694523821059472354362369791548800404980588509571901873848526877796714297202971896341792374559038116987380172969791233024617670805586921805624959829266609626006863532752200974457145637927590646285696136629545258684166464040196748955416909713559086175920912036559556219217853646901162489678846047862855046827629487442469471630290173622828913652305186692736235554893913
318 26383475037721107632940828061953852258569670926094728947382830630166244773411962240813468442557691154284974920275332364083358042542156709682388673364633394930118439738938587973340680721159578784752718373571202825548052518982198875902643496851554927438226861404733888580359501729434601363018017945674648253342686738420684715122415793065475083034060912577922888575080090
319 410796689365340626993919200103438318477456503993891324737135138667869853441800364044477060415440774584134526324642436420482464327095920167055611991071718326366419859116888092226808088975993387546302851114301909517523964806704717965188369200519776829919645175222557737115572633155147676188079508616652520449377941059095738893742945233511409720494316873445899602880274931
320 6397007947652562499705620548136748132275149004265458942055234271647476870104750571084600959929199804066232367096491044999030552767716426798902464985386311263549398111331161915737334815947074442611399573664801427945736479954486240203457268433951276282130080379719932285955835474571988618760224144295562502574715583500534996215280010355753633471730989724879992049461671664
321 99617837881807555396438512739517978209538058019949002660847586995944498136003693158210100037881418427810194382481814617628331252723496684736293861344172394721205002395791064147565436453613593373429205284721712119026408864099441773123486945469784022331661384995686684581877105127269263194526603369340633931552166759529245578298505522316516792015649119445190550225370629394
322 1551501695133397092756993158184150340629325424757072562435323520893320824265470030856718106876267195837358357198408207908589112436577615565256303107259987043701830955057050879866335869764619500621172496261888526183383088419577914986636924101215003799474927841442814444931548020804683950222043987576029504565588627233447438481616029319929900399372518568018646959843506696156
323 24164494394685301190485199980176161673891545766735345702141750187618635024306838733585200137143315934074933849059568660735740933824047560303385606903246589846087060710487093858048961257846196411144822718477343941879887263452633131574524316853488349985091903677289950199173736663074016072965845563006177601036827288914376739168561346200844363347197823776664557983121565649438
324 376406384742163989276832093147318849759420414936147063288039654721736128896074626611012870759737804492988759409605510314265247151546131156622143159225673390212735366769307809887527236444958328887982961882938178044840399057387460798759285430551986693952136136869270432428182678594729737519413350292107288688914030360088404362686198054094201214379742970397796100483323191820430
325 5863355366403547047897470218147201881966953396456408407882817266401416378772807239883839887624163836837850059891989342255740003560764772838130114773462995167618161834076566115119548718533475492538026358441533601773865971114482219009614753116601768846621888524943322843704765565489798263667896046887774023952606399929472439542538231931402647752166272458456905358961742582643256
326 91345921657875957487804054150979245753362459886249556999057298747964189756926319927438321439459852677923548755149583841922310481997094096139303562960431081100118714360987661466038313824880212518450240300106385775363741562794937910437307876272826520627257021981022638570615628099455644151778063415019281580974171099839364630685611767796756407746874487619732054684365967646378438
327 1423121950875079654213359135419796646566352962322661495827790641783989721528296401194661922730172556843734966180333306260789544307029919944202545416994793645298256024343116802498435252604360612730798068755283409791886959570050220313653433147478210959383025802265314485087169630078320979069426863179271585182182329040969903775865452782322826202603280998890031214765600521465159480
328 22174188076813205441094889260327050419767131844580912682305318836867008571988189399825631408475343343851800771530285019948858857703056813581167869622682998080519247490373162894288510394511036055611567994770938770401168922127323924446630652103860655776527249738810833828338447742486777598842366784126592269712992054671816088992639860719432948979570540593663963948334844597416121656
329 345511905377860132573411432613533577384987475916171849734375394097040096063102967260543856370475572291014092288013216100093432194721743309722379252155254074170619452548872555191085229300530442730822885944106008982995660722695743778625274049350149006536268895703965785418984136809009972291319557497131014533872042039173780066067851173826745527802656833995524533312479645969635667898
330 5384320147143846993012723750637522864585877554460942037878428772479849054064005979353804174206552580825175825073760998264837030379966016104038107627721755784022950504520493782635957378572180109216052242827756539528225631861771474316422755455903713971296680607691553055616555637943026030438420230464168177613530506041642126782538160194636573674756908667483837389368005970942682805332
331 83908983975988972098437210766761724206865274729001747084001838573581682667886794417797589929525397148342634126274056944444593782852696229687837648123555168615869597289934542033714184471507567197338120019801340517454646807267147906614929893204016746020012195254889518824629196995847286116905865684226758602167914688696711634294989820694437420974577953705858700908722248925250286442708
332 1307788691451704696681464830475604267336752368427777268706055407509039808585768368055070290825136008245673255651424498788701789175669928435683790295229985266501856969081398629677429163527179210188233654504570648167096543234549116083520641367146893603345864173280000342010400106067318736038219525766605612718030363088726904026241819826338435950730713841383158774280035729893162450455962
333 20383375124258721522700856273309199364109030136911346671341639912054381885620834239504944742366940991684349886168846524132994596889213251736491709853571968338937602194960046362773590241213701884734064903999533447225138743495763290424724379846755407161639800972973405102947702361878689949577194357857647764923960791602849318043404642488840983377208073511486830480254757377324048390147100
334 317735729827226055327911170201224281561972649552678237273427706013371838365670476556366207702610802148502734945619207641172288005839739559454271490166226938252443141428317110331727690254960010642038114554239265323090604008921082026383692474514344455678372695316235472744504651170660169148252826754781482927306810336331454832458642318548538870796234235855650329169346640903836789592038992
335 4952967294270223038873125776862378215476515441968462461306392852081638479110151687154328400266474333038549412520256934650101291033753310851976626273051167690802246937470283334967717087057928794181433108905350460111552902022686977548827895991794173230085577734152099516919829427247461713562738878071780633693312762016742616926657287595600719070983658649112526016371247123989702046426170560
336 77217424538003154478563382649854246154182315670959710067608359878221089320217096770753057186217390349455756418426088031873663614986449442047894408781398311795145175172959618750619894331590737559672364000877712080790226110417380460691613342707057558274564117966761125921035830075455727181185239431990661166667642171956041999710712103133159936019425104990708093884254229269455086671759644512
337 1203855342805752677068399986999288839378025558321411000212959242579567994005927551021407804174476644152971460703802483053067581151765757258564879721234688272816035068112678845836771011716237143170346618371732776422770999787753902952227602705720797053152251530863957413585853739949338788259518204443854866090182912839478319050056034423481276894839387744768820823486098356958376831358931255246
338 18770838228731811308160581278956731705088190139102350170145288985612322725751703413597820244830971263279826649726518815291762578597474709478509265618221770541881304407454273304556338073935073208149864625618855466331395493606210098418262795881786371522597081044825546643689760296924349293840604810349339383491158151919251690723974799764158156993285788767723229447388435769783564957808629501420
339 292686180906417930211505242835122024122328036546862582133251570022043606648736522003097084189494876517355264605048323386301522398654015341040617783105664459034297647943305582094225172045337974055681951897058819990323916806786412366604501825362207601657572001564377373462638194237999336171894167829966589299334056349941836901998305599862556651677584207686045139788997530958717985537606430745160
340 4564257736840873115934538670785582038181855177899479967351776784498594297799169533332763518968960282618396825221651343304479047510729785690974665504793098547555956017550094922242727389984623079034751623487481764250356603995544787463706278325775077968920089004554019727123098697882076896285830672620491479491925010970873771862691524425214649782823945550763272901862636630051807569785696489893572
341 71178197701887896065850777580944205953878291596068411461234246449940503729088440790831230904511910069162341582951858461375638892396124455458486406042500636325837706044475705929489374434435648788561857425303446710573322552084747508757363979077692901964976910379768638765845808677082933426918952487664046223122857492102661552867191078047146277659798907589158006044474304924986296081153358406254126
342 1110128173735315375289304361352751772254472576264440834030959993817194170945981303723945457389981483492620289988503223717077971999524168619840545594381130741979841922710014810216950221981056445140866010990454594338331360811407612949721139985835189355797904094097700409246987181251896335186374732660943101887689650416951046043302847164169502268130352779679650689279186630584930888744386600569689296
343 17314429638873888300858341643149199040994667357935474169103891157705997578114022717015649191446138063812040437745995547857009540041965429702705365340394724527220332924917379672313571957100385361631030596856744002353127555185407606673057558592646520508928034389112345842255956656050636892235371649522691532421747132708657494207579824369773333342186881754050145362709781594543295949827040845933709336
344 270079507979264263099390183386952306133024808830394340679101087918165385945141189769462681588919112187644749895082450156499828791027586374466232629500041228319396310440388141157818024450924027674142667706816190351236079249083362285530155871439919047476709803931206923905803659428283887969859000637377906972746615138488144242571061596042114783047794621988927584872340471306526317961832356228455196780
345 4212924895081524075628519142120566229484929408580354632870328610955767999079549025437401216561351697919858694270463477053265502058101933081311536529194722069022983686531723190340912223874531024290001166731910035132738386093235323995322906142131871556532552487092407986020967150244556939587855352265436121124991312691303869887836681007065111742735942788268901901319432241648064343553528826209639323864
346 65724018705930569455007585164022886474808351721916551466569936756743670590126686698744576629283801889075720114152646465455301257017127145427994927673926591128581363314681440159692934532909300619267392496238803606725580241886834370055012975872572396502784927320154120774714411941497037787653146374460182802403335695169954084053519551105142666415894347943380196099036857944369939605885888887047075284780
347 1025352492284443489618370386996102134581436422068027032182314939026877326959652822824596079664843242796742501864724735659182469350412444198671367798594937385419829375444713642814055244439841202283775287132337554546290832360463826693244445491162578325565507096152912653061647733044972508378697715386841428049975566234157485854157980234706139666840383760940072280393009660330347410681050502553400891814348
348 15998146261647770754078009235952125925981639518700020106823344068192239998523447551803623131475708831303934568938266402591471013017403736247333391273940423087848698605453858170058220829837880553461057108248455128061248539166532381299186192975583450844874865483643512617855798992137120613387706564884311339551605496195871793630553219590459608647057299301334317967662534680012520522444890489562715571471418
349 249617216922764248596071678339469373166811353037465572241000334428178819346856487295242749886485948630004839487728817534356067228727799574249171873134654156803501363746620505982302710035752257242545005490512278085526229762567356522659902826991688919964645028616056604031421069828949974899064602395402460268622233769427074853079821045452518678670673348277972468959999479913562246318298340003597398478054322
350 3895172804674432061718259284860264351247171680179408507585084607878825864103080735107038130304969978021933136489330133689754595814928196294989084670787281770634065769943434066520266533444721175471669185342813512811053650216519976347490435495997576553704511833260497824323397965029538437884525604217674433538692672117815912453767862427687456192973534427814206037817472437263447851061497545825798974146004008
351 60783732872031769506630881887879362588162026275610771297066134574488070035947551809806834486780609692037319148217828429167592358865457975478123734572211230679840748689861922789695206856089323295281551186530805137443208732083908081073598359965575601269571007605268843684796631479027525026406677619518485421838971154873453053869978290535132506029198479016781095359570010942155794416000841179125722000611524892
352 948624739868163612313036301789847407734619878996210354590299285365299749806001226178198288743677585961738923235689462542634272504598307680392014359736858442353143589818238602996650806482619044691351412985586467086400984278828208958488845277960358259572287013438346490532427974767041659706302143347814929515393123279556704852693760228058029345127740299784441435098011032694249003065531293436966990948416264412
353 14805043955322072753174643826395162153820841327523647515408746520274175035178304544908823318024373831777480887792135635567511267785202867794159305418116532481222773424503551579706318620730209416922151807659293778703573671612325144699541611888461654330801267805148659866370395336537524139534604551044829852818091811881518972628368771341377614458734736702482108045881132081665255592013388184750708893615825367398
354 231084776321896981722810027923801421007298083215509152613438145733514463110073956907305897909197045850598317681441872952470995431957041565869972808347560577247027060329166568486958083387818315144288518833001499135567444905069667652202300095366246763490295569986382330168705813271656124738452434924135306460738111300661367055781674366747262709817152440737855455686720859001797702903832277251350223153913376422496
355 3606958887264986162917824014214496546042305752991560863615248518573668777537202802412078006894491943720424147479655980879128560268806051117787984913886716903492914482640815991368212491612865851273790877149692953505891117544264195635259309565926550208988026441720595091860532113283863901980058325417010752100755882507209181080744127914907860838930545433304684980455799579326599567769416997810114896908088109018340
356 56306244490901092706831415012625204105251952054977283727315684014195171689321119906923790133121255309417286741173873223512529598784218072441312571960901246206238568550395566305510035433070597829337394802543882588524687979334686574907661906812417591421470786694963178263421867882450788052983917378143660334779283952193858058650811975034034575261471861256569584860505327923549499704574152891378565285466168573431888
357 878981806903307897727315603874280430587316108154182140752613001158682707146213450840628598363467655800375607286179827971587213935495577005924793248342741543169394473024680029020363767353380608028508357036594412576718076829822989813501876075276964745576637477728857091671277964667616081066809112599853520724246918741690212869144577166785359522583028615866502850325057627284501104818603408914539018773950312455333562
358 13722987206830962730623787456232288281036498635090342073538781765647007261879472014914649833008287195084889116265672548228230581779960516615244647667855749517524507993398338668843596649409100606113247944419352396161955766040912557880758121752399871957272722539554127783741043970800340305327807650524745467894721809402203347092414785440210827892084875504566202393962219180243070217763067871900697632009453218076067956
359 214252268181523319612606726781861567236991069179456676885412564214591271500135937863834414397462640949336769230512547109216122472933437608678915812965540294779025813835690518041099817459208085942892907384532086161042482522630441968524598920437590490593992513170221422383784775949637902399128635838761644048044490957151997142193649824628770718632353363518072804479855825232404011326469994537787895788324005498942860148
360 3345390493490037824459590206095723623255163520872458234379689994047805498082981860704373214216995519052445472778745540902355537279562932594124769413970545879263632283242251063984445643910235912845857393509649114211079324359509863366010582227560667173551107585477080503177238732525089569922551282115824404266189161571058530138303254581396858069652632772207711525623192592654815672040305888114088652956894531242806385056
361 52236726375295146351679788411182109442727617167565128596044283320555233663843761403122832101323912204784119675233667801357843906367711234346588603180368200255634166283457894854900026541330900484553822723437967137415770830869549340174987350915898883149099278141405072195967958318758011915442541425712300306661122152344964189211628416129508668542755282858621252820602829152991435186774313478310398625643512154346990963052
362 815736043413679635322532867251124040118145143677058378342304376908642212010919170507527700183029273118604273913547463500400050943948462339009980760073308550808962154873267181921753131893448453189745049126579116835147532213598524265930658679563401842686917811342158662351530264249752043132564410304064015383117863596220604206561721115239311125477330189121113998425228556446749681422120881373135899663946671194861397113796
363 12738876929872599463589263461731269750133805825346911871158980118209560108677374042126325772024920934503133300434261986340142390244066654916566118122398065514538133370487397033964313844498660670691222137113041294650006384820039220283796035036461174054878278534162642184543793475981279389996169748544640064079875672093209663366792072959797366633895790783176879481995415238250311431687242408359386662640231427773413046733948
364 198955697489597523460547755186740322705247332610415932550673144774453570918960665866002811208705212375529737025166135801792373214767481581085574483815365336308367193615250799650298918876661664909089461961764050019480776997599220665277994380715807959041844059957668353759544538243161900212016386397705938989172306842987798547486028030454064071434395788560756194579509882306632914250580796834106781625771965566248809530107246
365 3107342736812307866381257692363310971131690382375059170637558828365815408301141549233035180059041274742006941832696297905667292490350875223247313814920633802881319759598942881321826564012299400538558656012881110923741066544927565929399171100320857684921088184581717488570365877185446689255559924445118187410776416988235661000153475968785067264099228955150805629833908785039067601753081934162709456343243753675449077016841094
366 48536183810547209011842965867735948824651343129188350954675060740147322721122384921888435902631948488312626188704160916923435924979684158878664636785967121313359077250524882314223267157537605601978216415929509979030965057732141738636935890059947527398129169142219488335031525246533093374317847566323014670352519274658920047693175187425278806231057398477202680492097174133833090996407932034611991923050895081242087872526936000
367 758140463637724985445655744529596139372622157834626970865030746366104015268832955734125523025039321677192365702782551817101514246574271078496375015336381111285511022858255974919606177173791479703572497805963266748757958094874670780853291455056582589085731317548952999267702874440605626063611204767440367442890077393849607022585921555236437695622610829666741492983834059822661696851126606742727727417485818247366301208725721588
368 11843406504863564310691942496014453189967126711892634536360746642015480549637588194244392437882850208494296597299212099394161677742092041683993938322462391142547046960609305290858099105059284465445582458101491774337685887194652322650075407357826807616578344588213270958384752810012062480513375519425926049646325807292479268226160713666809114328486653844684770648499447867615342479571738303930649352286855828130129013297794868022
369 185016703245374517967444908721728215534616639798343182521975754575943011837973571251518709700426892822044069090658597437901417356202228050390388699090316280097441648927599259947538015587824890436077992760199293132438838077271340608624807266351878501533677141193700542252305771574810153536216900611727948572341556011359477753587215798183057572245786650566525413291393612103722156636931229585932757387799777175742925939603621818292
370 2890600685028850774701596256619915488901020676333397882453181877422158303397281927790413351451523977505635051050843296298583108832536145826059532508185762041476359996280662041870101977389066181566913264671371784565532612659354863861742899456304733338378281408337790111619510810556871476285960043114776574591406840523734292254659047100417197417526489426564083670083902693212784840358342970236982082042304612509176199595091863707340
371 45161946574189910988194184760972727040569189287174315358676052423633937293605827218788194142958740265388737718658793877441674985194062456466473043063627086223343751450684370710876884653036412619998588813620406165629018738543273068314169980405606134287380696776632804307125386943725700167248101930255483065832770334189259178813882985671508456344957193937541047123831763480170790899115860388122285766969651283273537534460953483119000
372 705666161950296897108187631255028990754723664987725813328701480831476131933266748488959143645424167425816108256653801323320847152947185311199165184855568574047187017335325109197905124994182024403846279636048903343816918843824322556652679536109707778433721182355801605403864723176866883244860219558884122968414509868761392612867972225108347503611662457418008591369486375338728908193038914270945170657367564957064553561686109233596892
373 11026383278662613396191274261580008886275075284681279906863519796886318491905519585584633127460897254959849141138876329192302652068708576200406824122410813676198877257974014214390422086636195523549065717056863549792527821535775156849273577348693459044807503615834253512075623711734458049301314684831161663099374238664328187200581269053165320881714352489222034268826169742155598166308760001185093071587044004088935809086981851910882252
374 172309377228489893099626377816693341123282311354177557729895494897784931847230797565825907877420311986399590333410635317028108044921595135255525824122547105008537749884059519781005938788020854768459394234088967752230618221383493066333292389483414059163342713916941525599139043946087664647417131121359863807831027494141505705481408580437475678463552498675883023181854821559254882144476908541582171198589136951142117693013645257133430886
375 2692724578214203642188914538899919637676143139204655599721161159346074462475416927818594669294596387340644489834192559582617991053881663128007751357419479114674187175693147609044759916310705780033281756943938960129617919962684628769985858627622833539371177505361936652307324256508035209625424884491211320133037311358826070836485231865953119484076274393834689128786017050186604951159764979721670706708003869659667053962745300368839343280
376 42083926562047444554523602229389148172638198235319647281867505354412440278981757256837180694502368491831613334087949654558884371896628556505728833892114567506070081889071847086773174405547258413651562053349141907160672229314339451879682037316372342331718523155845013984854185828011436555703207702856252895513526975205888321827662414970459080286826311882864373821929083249458846163324753805300428964863096430934854481390267296245069422092
377 657729835458160860207752123607285622943545745371475189689521085256245457132864578087489239209294873184325342057767937770127013166639075645927892080687209132602282882732125432245475065369758287423791868397022225309791860088230840552770748314134394555059557661359889087270687916164622925400267426555849041541804596981846784974931234435479806153876788998254468763688258435939378271407327082869795327475770039200680994764068109752419025815372
378 10280638433208456924010380545550121848433641742349435680450230497619366659377431050144100685381546123031342486616886595356639175130929690501341124856276753061403694533530048758800030649668121735085873107128186847691613130744247685662337772862458394569370834264484934652582121436915598484033799616139673670882168322298845817369231329600563634185368748395676718546617948264074537859806150090200298967476862220698532611620745471838816626152864
379 160693992750626118454829257165234905706960165954196858543411451079815362295344062050440804975272818970041012284864811279825604318378718826633184671291483928586000497596878029009353528412561420215251334697015605687367848430194483891793633180810872106867457815254413854713753650438156996228596102823227177497488049010269184860541836204825937059890843782879059138284961664345880789915812810932840337843934952196466957242419684816684043196530104
380 2512000508242539212562270556123840627321066073256300034516894063475971778904294567353265738291971608018354093391793882330064558191639175526426040913463403728313710502333389977964053973453708873102147552483666207764458146071499040512723953528962481868278338096853476683138133792385376964538182865700373585863226860232679072600431693403431325223252274722676822706842836157668763800148691330518771467045980437986156552562258670275649696621383642
381 39268706414359725162435756153942210846224277813495782085587655048940995048894872784750275467306066237271643727260781340472059111543595319438909764989838426577626178691440966656437144887448843986094410324051677398877420384407527306589241767341171618978806478876306531380181771411686803068283794229693741445585957009954020223069765728720887835685864277016817219700520385112614544071810173529935450993846100469139814101337192661382437600586765102
382 613923058306176559548390474878537439319868586610054446597221736734180746423108435459543888649052151903476478855807518539912403173707712291096897180738854284940218553348883268912794353273030712890019834184769014382576676555028254589900220891905511666824054416114204927517476929291870637708970723582789485493150357374738676961591750896341285274740280393829577728260023263715183778888272741886571556381284749376537264455143044389986896592596822592
383 9598163146262355288209094280876109609464899655044694551126074117625874663033468022524895297322178680264800321783328772620128313251166842031437354682376817653864610227322269822497516653187613311500638193991022839473159252753440194116913107374209998756156679566394963879714069042365055611168182830182837003402854287897689371752811464938989590880001060719063763093894120000435381648245849815335733588616196892052094018174685322037829985986826206410
384 150072835861173454598991262477584885127933970113536420819663593563529451928611206238923855847503500827509260654501460663359561871755068775273714578388150700128581387650981093785462793093203593169525260495414131417346261269536767766945578965883149713412881746305278475027129107841845997268036512181249244663363099496202357340909903463851495523990792156492145361650930279732414721076106394901839940643730148903870799792497314633781525230558691766234
385 2346511414348645421038880790547785586577285833180475685288130607908870661040032795544083288684360909915352158363742867829521931026814386918042347086610709090299351353117398972769569397723403743037441576302796420560747116557867708723468135300847877616642276202152981309524566496394967271150682675915008303385898318666963493825971746352555173529269827307427076128257205887498561341216084197209647866456033064375531969189727059283189251073777567927951
386 36692980796066904727390774727613574810827402840244417050959653977621020158953146383826482787459571010188301354304326435872106189605901628806197949411598118072383177132278917705172473981198748081153846824884260608491233337454387780288113008371726056189787289010076591147281524459534685748902544425648060467536388591330446391401419155435953407983052825102607587333905948291181070715943336463902517927291801970266872199308495650986049389608936484855050
387 573786042852624673326666868234865117874338600681929794060051246927770813228427385776492213156152373601015274555865758608729178713662920444123467606323679819918083406793352361539823748998279566156990288931232436815326513186804945327672437091168779249633923431537766525154028033489635410351925998462009204079206666006766159660283292211512369061656996836188434719968360620698850503862176947615290603303552988759463037163266617847951434313162309754015270
388 8973379095079531011983554877930639988381714375003662923055593385392767709084977172878593958352051453811230704087173842671269545983954646075612189416097577325877651180760647663641385982584945344632104952671402407859774794241789939002324607481745749731415770187551357086037643767616161716109614151740709273421705992471305587573158938216756496379952673809662870786209824766471866418120163225409138064178845115195250875505502373329728541879363722359780270
389 140335809832165128248340470270932843081961505566368084375563866520080963889366097384338576750076698754389690484367684890255264838838392938190437163952193883090361151250598639851046116342517389945581260224694038445345482690378842626937945140919787457367155319086420030412397863876516190792012120499081740117811108910077639360523048895660719198904262345340174787375012406731696206023631267119571867062840957817093598141854552520629195815318110258190757913
390 2194926601143877852392938396407969353163669631452467014676599996095251379833725474781754705130326026362589668389571352039400534510162323914764036647595824934337362457488255406916520179623095479191655610621352584019312036608059926471845427234596149563922505504293412457165802850646814203327331811662155776616246581439749204885611532943214338225191958016628444634425814061143845108372253151680950009095204689527787581153550242952242342661883906571010690864
391 34330331160202568289058869686597171373860806487938253452543119608807980230103713005806313824239812415154301109276967436838008583383057027419388436970874001100252630120224683429088455432836228245805213360741732683964310672916541402562431411545103273582686093387723196532818367733330766336914391780353009147688585095392792369477336234404275689819507027663406745004817433928545107130781915756545859942446471543603173573046701614528119112383177395343790229998
392 537000053380138972451621526518520936437154906595333619337861360538426949558950300170509149625635905598228859190826233184942261283468379351895192427225633308476737189445870829833626529784859107590279925484177596245042931936547933200833577916204976717567633854444896099465372520310027350481756542364750909509563483258128142499673112468300618501411366621168352855634635419908002450400986454640947657042724389617072409717587475011224519855983109516193615579714
393 8399954994168429007889863814714262121871413878218660191818901189458220893869757233759619133576516911520316204244902578291671014630618934252442060168907102494019855816436725654323079523774176389804733896663288592498490945780030663196570796606245992565021776531027695391286686811453172863849369852233891080896593929359497095348423800701149529805540910438416315271450673148056701679891856178869405451221554438295716289711729792367982358609714247874076445124408
394 131406818373721649990814223714820051449948850877277911713724206424889773170545981016223069310781663222548126492750024102232630485068216446734759061877083635375720115189454793107772062476942548813755617674197918915196825001089047166130381542698187085351824504241579970453716783150349879248896390226346404895829718853394009389480081586012130835576687219918985612936381907090176825048277700156085716600076789658680738482086138723791642344857018634597304246069826
395 2055725761757251203918901151928054259454909338740527331190754908524395239771793903081561583942974477163506119598086476192569525518580690494861797684164536730029932917646002270428615307537278514775908569344172597695040654256765110559732454111416564985517397229456782509701156567977959837347704280840447226261571802619856551805423554175116050229029607717660249404654367677093189593554666171339313832195768308300247936240999612467091730321329392622417501677799034
396 32162523205595877852411601578042050356686958437644973444514280020885493680573049301651603334813011770491818194990183507201730572450811092651741325937564422455848582833347856804315147893029307616368877302001684552979745375719368127398954054341957387651909135776813773211928267614870648494204886396759069135067045082516650662481145462507366883289135331157966490133159898528709159818155009777419123607964118361894089910131116079650666235866599826624745559280340349
397 503200641024124676757283918327470422286869903838107614490984420998271592104156066726850692430534181922376215414218943068950425542200991817392345232486313112269829415726147156686649630404354680829242166206617785277647207929439424652060321767411398780319071862354121920527164495669982242255420941101887905411739855417798622962408919341604510427601405389602870556588785133000551967925411193539272320483604423308227740384845702160469973372356086219301421628530306209
398 7873537087258017767114007995867892332557208048090589434842779322450815505849639668671014599058502848646926073214278906732600922063501253702426187581910685921626167264145272794760604731266545636880216773008286042756850525864472119408379384882705651980244812890190112677963251659641918984342691023806762328893524044385944281326868238745228380995197342558343756108963850240036511007434847105668462577623352333664955659055272695347649394391094146335722742208838062764
399 123198309312402442319009785081968142163007923601267921040219795805779969262136788137576872725633123308680092523227691695791479509101587425926097075601830863826521771817241563126075440146505856943093132305930970220440247041328689734372465414107506741575945670812184965752780137621370431004811603298057332454666656366377176087982970908529959003841659783409192880627330731477168396945173438396111028568642171448143632334760516624237528166572683166529683227066930696002
400 1927864956634626178101174830311432098414988512677053775504300949383932077027465207781989193991761828812976228445831692192077050458231034845136372431858990647082683774146069319337667497191697804316934029409802091710736830644267437870915393498522999526556369932733837300831017911003666093052406389967990534928920221974300489750900028394571421271485017370326757668918009530970680173099438193600791513326138996527024189531765238494670277588432465796685911399285134116079
401 30168551593155339013007228313842475059901157708124980255376969026566912131384001022576200932482548714502531544529921611922910685054141405893802219192157541039911759911120577331436605935389540964251586503331303243661417700787227984278625875763716770535946079279469002252258408110032814524423043311813040426909820074233117286181455663073172524964481385153700304311180091195426468608049184271906418319682157226671855580090037236288143636840184216497494669195600028797408
402 472138342476393271962462407075270257895666058172675443433240937416896116132870877787551333834818030864174622382800233317870280778319824990565769236793049864082202896013919396502749009861538875764634443347831278102961256557021869611577746384745791475545015595861826611926397281075859478945896949036938142867629400000132035933525038504151233081896891703682158130831918603430201704811776067602262958349391264471292205894577792600185672983051963050440952085318669661725014
403 7389075662057646628488517720098468784534731273091176641073860558848659603469269942998481872686549986819156747679468582585968407156508363935885012712200525128722801699784292768943451494250367285951583702739892105788575217664578726150546877887693403264213097575310848158333252992760695210230198156249872984144517022343083989375548063501404379533470017926769655895008563602773188607801208887509024922237505269490971717757272533645767445769159496186114133998361892409356640
404 115650441443938913415397143687526188331018042533247673781815529745986840061145861436473249433041688528321554308942295994416815560352860671474267407953564320537290627082764289130190127741627967859375275452479097668243089181709052602896012074968217635469680672687808772775540657380840897445565641031098553406667846957161917731676785141095186931967647280246088542768347837321744220398697180370217468208373443531168220112946967568389694082573057105620379136007572438189262724
405 1810132309020271843228036776955973323147522241226999758175139338253425173475462409663905552927632647342294122332941909987208983523212417313302718700324361387330438812423686151205549161358381205691755154589634569224319383051021358380603950518497398666347833564198084801937033095270007148862217449258887913042795440053522791206221325718400498825307924502302785757836734535408733480172003010047014218789574026584561822372867768287802286875732171491322004738151601616091153932
406 28334114879719410302688314962862207929644076550070761079865888003181205664881900749251977077659408715146459045891003911028787368596760020152951484339054317024472341816698695010909600937574422349884104853710662277175078272234026916716971716951867113564588581750320306716351091777648048261557644098654963336568410352583013754624767545217205074110193900675453852104453541666854451443871295854462932072745055064099167628767512564785158465407120545559066229634370447977734762265
407 443521690094162228560795496740341979631689168662926520266442044947671321222840653592177150450303181241299233091257362833029276806493578586057884152239535499783106860364250644185171323411938378183508348686085308716485530175424723053285595260454469176500236315890835906034543625330236461821035942573610496735693753248981378160008619543608068668395231450550737002180921230823342284784349708873110386703373178702126409535303392874583490356516002305822603902277128883249054120408
408 6943137811712803585295596164764147794418554992219101699085182727239674731439262195098658619506612302469749537176761729567603428521003805274863216355019522334021718627790058583294529201550752699933729284453251069998252314135607597848246780724606674646083649793118104854416961252691547302855053176634071167448855691155566347235076057732767811394360560842420195214705047796935810156918653706493623820544551233718982047188145862073147705168041119122624995002304217688757260991082
409 108693209205450446226778469471231716173805426452972444766103638057038242832917978996273783640181420674742890584202990338666494431696051997938652498950456044536872753289394097670768083801302254390366357339302611531280987948480066499160814998363747832605704310209837608631020477782373845438728150649299549505979192932891573088209931658113148070993737210314600368297442454298967648386429732616261434605617750073759499421519201380546778234321273910565263533056752870970478131599406
410 1701706741802026456176056448138339141692459095285537968934008539553266603470808671825433585903676101689050849908778677745071165707669969192435668527888677289714427265170428661128293000441246260402020782408067960180917887093838744326073190442723623280654467658806107895273597885197337293240456282773345077093111432674298186790776171073490262878581223156628973767034114800194597382886257960424832991496573591017963963185683903232322696577992038943726608167412103816110088292438908
411 26642364910365395993347906768037653984614048138013304376335286100577177355292928445199309375138265092664398215456062751916749867369060817119052713626622591793378452623925894070598372352228016705751551559033236875385252951127330082982894829623398352592537595943366933097151860233238023319875082190145854216637799158816078878420626351416228122155348828164689803864940122434097760781480173741973602692999556581671721206622654716161498330140218349363954150206325824242259746066779536
412 417153524253517036522136777317087785495013616281712872650101644450348007039845451747607056489261054642610142008478617917638902392196242554966106493609916050397179355643446141746816573005323959675767588005768129196759825244925955364708237209594271532111912215051938243920656027569978229686830962772977402898865070958981545045664237959258301971827514424467243774046187228932943943385950110307554582039528740637317402642024359908447965413255008138121175819251199476448913743475763359
413 6531675937664213582437873245640803518650343309022080264408792807824500494936525465301561885650212368303760782842987322858644545570851306669943736618304966051595995151999285059687458230366617680899866798420007176349730258970602743659981748105594638744171885499676969974514689106274703419305862705871693456395178847323212011301595828436805222990969095907755860445880760561026016786157209176323411906723738144235538412480548249275489988572216527586785352521626751356886476871069048885
414 102279454679869330420365144776022289263270857590840220014982597479733007817754453607157277127787429051210537402285861683686164770952618371891754048065611046078090698992451424283852678997761545528606144188542336276436528392000603275242446898527692803239163558832373283865098177938152753359960951129399565855815072538803950469680175433121056595859318459887210097412960786867386093733381688337626722465137590566336167724418261301717675358165912734223104406326797347399173626397570636044
415 1601613733614576437463186770144077839183078057347876510593498505322134411614018221933019546840674474378949943779849935170323985305130494076997845015912456408328841380528719725773695464074994491402622742645048216035930382427360465321706506174236103931276750691959636747451017206243128668485205756812123171787132203796713776717807214995171586803412554168967481488911444038163847255627621582300703091953835674981000837894793063944419965103100437360640270846713876988521575111656291448368
416 25081970901397571179996160659471927366297293765431830975827793710974247826424836852484591667445942429278458635620349438111194180793451565274413513461809004533406973212971704722012682107702777353716659131454087218771773852654714211102548775623629780783574327449791369872035003853885458528783588826197900594272310807079825927638562634281402334075840044272877598264021887224289767500179937205081426137225593736698110584677742103635851175514188119959956009550578027953562968258002933534276
417 392799541275654958100072309206568022862122399723203592742546440275511638127591564063573111041803650180735761093888465958526863564651898562725576677356315023634393373149190710761126434576398677498996745429212851591165172952484851168292476529724396075055541206526265840799967368645293716503269907014040509053674448563565708762558266043281419357230181770862222606981351253039563846867624086710313761710450914737960721051313891384301146393843866984766707178413733434640912997965160799639302
418 6151977738792977957650489450793662447520385645295070148048667208025976339709137587746863298880578036518820302076790674250863015505314475037022524251982551710444707705790662690337551193887612524969125804519766235861559765266435742276527672332415148247247595646585792244293007333582825512339446474340434084528273258424173608057718935667206028875169188762209216008552002691025835358652342360906584957994107313406972508867118899213632694584955003691564877173669384615915144422529130497000128
419 96352728043764172990277686243842643084665930772068454332217137315632234448728236277442821822478645697835870914732289264945013926968544741664981638571252189701370860675719138769876368547895631272904606194348956082328982499215091185413866779248217612147827135902210081414363819543564655687542561358395461534893307487465414361514875165657663651587154664449934335333190397511632282916626134225767772152205865522933102949519724220522239544078210968859448434572347979463389298944164296619076530
420 1509201351171199037826293891599267216981552661337996909745048845860076011360058075983727025796637683760201643248598728151111943827034824087007417338360963433546106366426102324244227564357427914004194860459741614182049953648749774615646134258675780344996798093815573251418811022662091125108066470759437047362971825617093532185811140256472825562563213514498174760305661808287117622278698248148999947402077694178002638070432159411583413494483009836221445495649690319707760639932126779159387086
421 23639357250799125936233032370408156234334507076577064604199688190628627707437906304427479858970044250203910102461207405002237761996300094411085147110079245148025423909206867526605157346505419211682467407616903964536108615021429462476977820018389701729297845742601500652395174438222081907568187702645979598784393201140451333844090229509985448843211795626458357731066385322608531900592984848890500338701561171372542902714711306414994621736227505756170636316881005758512863237526581891275301086
422 370303677958874145556580446195385842901564793942096874294306215804516445878576754259520842079335528578435935167653369317276707850130152644665168098314330831577494000528175637738906269526447050255670205944219701089532170347625479597370321805035127522470141679811763262557477462799646536120348298053912953287941948152609366403442345268395956955062110879016473929106245796859338058338048600928501974175393042804435143715141336306088842753866719945254429968991627037412228286828959940329422555220
423 5800771162362150335860469740220941458153950764606147918616830079448030619238816317432420511414901430142183090820064902344146645273167072314577962119383091550656369637311776789162753386321474303633205298537203751823733126406193481996296329726360123837240193407164092381612720985112399411339751265392541397566256261361957656084794055521940423178726566832861901932086736334748636340900421510467773490839026354225096246492787353078451756232825724525234570172061011775319526339440061946819892716698
424 90875493986141880254346242488736197499311176047385245313202009148163925043056286499729917522133293146690533655191253129663369859245138904214420444275653308662154187684005776372038438758037808763592874809222224385164504635786171227816170421137136493231012058078114089806231015543338959479336213960469228676851301054844364651980659419317764167378400069742879298700357206820101035424011310933853494875058759187566942084195406421691771002892459783887145134898740589749906986507559791998685391159196
425 1423682089972283600642386346917944516425858992878610702000923269212396061791909488304606770203212650572580821933654081834501152219083155377436663354647660642901516419402007004484981640198690814936224810049849138601421751763330040693506798500469478537975982278266852517042032722018955460639368659017383602686164945128032625033564516446185459272189089297973310500769749337100030161458443538529538491183666260710029145260943230447475247189406271222284861166759848536418814676435353516128303606639298
426 22305531768558249931375058248094691080792117429028217714563263121197360722696670279505317128194827460748366078350825136500902891481717910075274424095461456774686022047660963302248137162710047166852800834525794062556736219830961630199671663921730936354423398267335939434172852618481529984475671253281484318537547781737265869208270153921679469195992737122559971359556118993135154901292846681662720474810921834602259745388593248317782153225468113286701983915904244706018076146769220144439541601476824
427 349476007540596286413920186412683028298400133805029579937166821857275574738506207760882869521495694588512077587297455218112683285173764206891406481915004669199441515878836225806745915990010798562022570779387159188606155085942466925837455993396575665496526001664571789760651321087668174498260065857060899099051238841958123869463819955498489190439019307655154615467821066626791002156914162540476296000392668291700462881770989169465535184768349913331828588120452292128899369068612821781529017454680600
428 5475892818974675427605734722026512693796608104930571278631588262426999723919915273034201417473770025082241879559002655136224675869593222455145882255900541890013500583032863507957618292009542097022169375163898859180048588046948034915912694782009700904704101313286114665382944266884906042614989193036977825842231834857601347368578820766191930907926591672719267531336733440223847623740987882291004351632456258512122726737404931300985289746449403046998611630253087229571604831420998760810232457116236488
429 85802032888482319556939592038709674528844151522638718177272693674920953101679961060932684213966882571826520826673881298965747901751401442403372346170364715649519311885800843113982507183961557085096389523570793970863015645376797687024557439586188289147302724325620594874275548951289246875473690484838742038949162726566998905671832796713312976547058951624908848716991404348301890384825379167202444844330218970668125365834151876261248414180653849135084548782739080698465681801800795387425886601266126656
430 1344537692242838078973574402775954571170814499235592391289581340004912199570803444206762699117103396751153590648046255245402628314009287709449154898981086952755606630534686925807107707780020157347222300454836864284738306426915358042603040548155313296935945049217442801324621675766728949126918974768795930103546177292661684054860914147896742983954426226319460919850143349569693771644012343284469215654332888564343337663211967975743627938778488316027322282719097755228085902454851481105848089504859179342
431 21069463994121987934617675228287766559875110822669416450786448898266434257188878375683582714023340399048189968059959675677214371790677616272919942311088159777313357544138044490284031050276311616024875539262903892272558486890074534635450090917411408271656936162132355252668531815988217274350569416556924143642391352244052491434935699833548882116298753694355628877083586077948122654780648560178706411699598598897655511097571102116328651621389193842621805429238674253242923799954881962027371394994573638906
432 330191770672229010417549949434384293862182974668789326214183387609300934587259647715856970240134079378116001328722741571362213765530564586414600897988345036671697391714483921474331613439155657346702486885084840127080785553929601373537983119449881319439998609262312134323898408463537017269909500159121929297070785840147699802829915590948755993336241156945036755179374921307916551196398346720725164820077246190160571822528012480850228149918470915366220273881221062858551254456075006626161914539566465263014
433 5174685412159510973069176977354939796557077992248809196996799085381359164031263084952692445095035228743802001894490096536797969461131427897961254513515078148155474413927156423524302558477413815423212779779205883073899098615916837614248250370787101949638584192202600927731589154650047001585762616189645994057250662236632240187380564489711696296486600450285786164360658261580454251185609260687543205562414905444231012953631889695841960542158473990996497146962015239125560195058640966748501166223477716341638
434 81102434969004899184658106302258863647544257340820721943433253491294968992962745178074613666620214134739375543699416538198097093750212487240284160646196013365221655696032124632699663156863312015107463745765607684373302018334983178194605056157550458141343046066161935633912893605146069668234412398501932775335975463014666813033839258163417980856049454868198234154373940093628645175134777570800481241528525587755525704720818402967259977030855522933668520469828192354000894609711433536841903248664381824193944
435 1271126643526768928418797369333188196842255109423858429774977302816799081933211398233368635261644064436236041120536005814315433877372736657050501950052436714523005306469028648607530308378142685382003875149600114833095608767851471922868757474646445667983467015824781649668844772769085902087033835896668388254748185238241818559442293816806499828626611269024059492364758829644539615297651703777778924992316364466364099317410041687630523413063984128118840739060230061169931847859476369895633542771640592177067440
436 19923951464783745799208380472326501556518009329490917594658790129345020803637964728736414095341431459923785424188342503099286676224648587179726407000038679278217320317629691990654922567402954494865198444943342905535165199001440794382736409493848122065692731202582485099183636050273181268914140358265653384037396148235450929526612986317297946940435969300074440737124505122394137783059844242923370327991898738988471831735017873207861990575727829351093904362207944766977055147560016029702063665913145567427824926
437 312296390510326103981346482726155815521745352581230950614255520990356269116286315692388258167307216596763396080438621602895469968850411577782723078148004092225670606670207019896325361212354220374292601360651577289874862836129846741522193957300867288050856846848733899167016885917559718913632292768730595879085298631972463240023531848172399742840574698976573823041457410852286320578144200969153781475111497939695391482130829452082384780601849260051935019297440281327191869227975489874471084674749337314947518798
438 4895422254562736990979802316481865104923618651238128969016744141357920160585115406085655834156516800808644054142098003168896790706490536558078838822150082332652491275610104986874345300560345751143883857818992054844528137047147666302967806566342409978320902281134459525889372547687880955216255263802168005733905382435829141836181704378934293881017708248108231681361148660444444711414405270889412712111952101528560487401024654520037155089642268817523841377503391811681582266969772608468309460300607525404218943032
439 76739368841065337723888325175102611493282734889835737049469155960992297736168511196391869009657291190061648858988904076899152034632559779710683105124908328063332059996445896511046286334373198725993200306444877634210293297727838423263873176934275444893573901381295600086300918124047165861217950207082821309410710773536817017363689532614321156683535441355325541222907378322965692835818190099867579101199226697388537205200707645658193742852869397149575704037249344318842745543624719240293999122437339512706221346656
440 1203032894650476637123379760617041163396204020093072981724265627347477928517196746630000572776907393810542475051718069622574572513288269063122541337263281928080299669023728573708986982764701699247223808370434756236742456713057571015249415750779322485711457529210335870916863338247500336330745377004302200146761431860119397436116017879847392148466778929159006909140943853143621495942656281719568729718775540066605104417314516432204397684130719236917951167981058286530623301781385952482813952225805335427271721299612
441 18859992225484334684543767017834198265630027817907268466465192292703052243665728637011045675727045397712841220069670213794155249559162573733935902049180376265554239647982259601143019957136403973054212117061014771383318945908310538747340754173979934489872152638780389652278084915055403429917865031622468302388589356665812077888593190044683118269558890906586226975479480287899366831507766424894714132092377616651600846539413023431477509812067170642643977128327250249004772305512692363037043153802229020832727509447368
442 295690052429326321794883384513256035730061258968096488006176352698848901315703428538852941595116910222759671420173371358993316493316805720370464401250917614639317890714038542018612219573632171029678296524631628879503395965146581112285491094689302750633805334151392123894163979323302023703513786974583578219680533350913544962736448669201528256957132906706401851625292014826966642353582265181220910036127993812288551891086014456473786806027386280911414082491134379823263003968449337106563292286901348416285782468153588
443 4635928015456575291997877194565443767640440035692031449846579711828838865739039140182571244221142375984127271153062321441332299836558387592492972061173802038730811847618947490201694924686368301722927939645440207395624360879845057328309386196931948139927208639454681506844777458451063929831841308363735294649479357732603508380123311642556887087738990170796249605809951802424805889451484411786922829023614196906639712751825492394379071266047571064038334002411788658363813750673208765873123533429771111508757449193354652
444 72688777821867630643334796785903592799956048683308930953200930123531215011656429809861952022254311106674961031225933791157543055867729342331092678646020558164570097218214451944490641714487601411855835561640075155589921609192165946544517671257867341993745229174018618518031771314731596628293962113351196426111298951266328507307231550163640752015730392534475968078161774044139277358149507017248190924357680781149668001019816926680527950996971166384207941303249145795102980366595737978975293941777060813131081064504653112
445 1139731812687480420938366191771398972234500892360859931302184747411946482584933717248373996542157805850820229663327477904801875723814399008196648754327209991952266269819969111085912313534283518389198986951659442724195990561138591665043482330923123157552603808099390443802673465874588817280743427720625529739235731640416049807647800219343652582734923184953565041814997375090422590829856391878403392916564624900323575108491172468802339481325473259912465900317041580631025665534268088487968555136784623430131485849179468760
446 17871815371922759354365922835823926652680956063720349201787527278877808525617561404843038265133191706519333508289846148692807454442840444981374764095946330225473770471732208031501311723586801787272018519973045922229988611354376577971882683189971922162095465682156941792000001933913512816316085607287524547463421961827052608281728684027069726899038420595340922297573155863455755401363948298185058008105157915230573668958279120053531847199803960961782390810934378010723166882221096947896587287311541484147268467655883018276
447 280245936229393551902155913061677350362255484207442565574651024030549639030333114480249097050741330057882776884344420924280855567234222708716629201459420155013819946261070373797505950173990887076949200935804084220905722941301342901461254375335004526934774603873604411628546208199742359144859478810610190607109929682249455826875659578572714091425590137827671566631630957530231400715966755981374786235108934037308884623804492116078348305223328628348276046263393618723017065454652240308570752131627009146490816870572820530315
448 4394811035060452204507101562599041753798823753731263339024234396591944763661160870554948947458571205459841070426977059976245692159804154495302602643216730384583461305503298640611643341241000000482785059600733940839975326590989903625163682415359745359648657924003214184346265690049879346996227587979269531214493437224740490921816508447632917979671563494379565182092433946905772434569841211905443005289221049104819285664843149434834834829959091272705029208062590038038172092395416989325367540509241840015268676558387785811046
449 68920053723248938780424688162015226276883971892822524836938379341325685121845144966363189537709123740674046559170350260151114891165078928804764997273278092416177550579897858193978691808802023536278052661751840128980604259014311258837291730787195039166237139791817911482026678440821326324196738868378398793106768301824765006116793981681094846872676238579915474745252854234375795764852172246102839496414198196395737236632493227389706690935095599933292760772842218634146942646639358754716146075282893636101383106058668727547325
450 1080889310918667188970567888493730426865789707613946894948296357866495559593158562925281068746607056501706660471019190170616809250303592426745540832668148617452725696047882347022971080440398423777033084727432599991261677561846265098678117310653205362824698642940385212501923956262189154462710927258285163736896772091361200051863310936254987739045464211452406186419107043195483693658098507410824648285362577323829082782295606993289574513208577081226237126011818352967236466333090181795696069340037752346444091906031961648261900
451 16952017480152132759532313214083289994961030245323421668983036955145733551008586571882787876309711646932748235137763908525777174264315175693771559225554815694879396336035450748658009698346351486963596864988993719370733274955299071917531173973864349352009286083916489232950475153226948842005876128398914451444363099387040559632700565252406189745873954731055009735458866486016507347896780121076510211215725908264087473471240682642892975507744552981403991313894942100397849210553038846765761293867143393693570603558904811072567858
452 265883454137148316446904827990195713345117783958242340040308235016486720639997736111445139733307044661137488161123431830285414350730900350024530263998637188998014737533889704095510909719158453913162028058750694250214152154191744697241459088959270538113794829525273945318135956408072619931170450342902053083428227359155796444362609305525933426439434362121770369827115221625247980799198295874282601297106768950835450530459228291706076141696228680901276132997671004179443858686938245458283789388324569874147867677661184603192412365
453 4170284181384953211970580031589864033169209484138866540630195355163988617825386239966994759987436345742082910437784928979527836780161669506961286375524784217686862292729136882307043398640168365938266078954035249633791648929326061623403760537501922169369423548012230503084768324749686822185182661202370806981153976096925819147627098142098589788048147774527352956473680437446454334475750654323860394468309643583371579004894231508629887891335953250197128091106691126580044136388173958276713214048034427953023889560300007100662733275
454 65413851955836411354893514078569612588713953589802724767653361390574991196641482260034559104275568251817000718991350148497006299081061622899254896671879465076113012616723732445222578769628019474443720788537718115890434921955659950372787419006224965089782791396738163130312440002871693421755632019355511699212436880197583684695415937641928689180169903771006651590652884762206852079783641604156710758909836070106647469705424251927724799556609903805552244023302599543584311582237422050504763015579209739876356372369846933885153498485
455 1026072974054891700152869315099751659344666473574719153914963169579163560337586294245823518146095756586453701782502444579269532522723978147866745029877341502276056128591379563656540731546116513089321021077350487853920725446222077323706152428823021783314532902672841167911783247874949827593074814545274608396443043193530649695727121858857201227452819060964510199585102833924037882692310050859647690524446590969518826957689553007079119231995471423864765359082556492656911407548988762503437130556672374940796021994914333403374785821246
456 16095929566546526585557997904219052274795014565410359171782755715294640501975543520478373568345999628009350797863562222019074499300420310815638401364910529391538830006941910349869696111028132638474387757462295160635136203938368731198936442307866207694985806092204665489806610155096408419919173550650610450268784552388845320872108876316497722556868617604517788648349698459882877402237519835338927746301611985945488352546885605450755492280308401022276024747295925138040973601406540745002160972212875239959273125470919771884317252633534
457 252498148745208873784905980225045878199324955077726892906842592254670040617287819362197710425524782707012744067119035498896502610948453272101603828197773925932488591330887561457443105414797615846420944137938546706488202897435991431532921691580416194824349829570412565073275569960164301516074345975343877284590229124466769007138477511190753473686128555387538612113445340093245999996758197692098755236154461092467290783605485429117729501661124150281142635249607657186164675250203387270185813326709445464996154758178599781082705847783412
458 3961225903593691090673681639204256370350696543390533512743802587303599120502166169101794229437249477364546439643455785659649155314263398409712108724878397393262034216301176108213527684453641359441787819415244051618961290820826615177803397802409275328852738427420991979514516050983697977355274279910434996469432928259546533594452010521955311239103331062306452630155072790678400502677171426629597434729099744397491824517788409215984470888538125098982209102677982065944638391680182157277272943935171021624075800798214750642704974720588198
459 62144883619767935759778275298177856751830460135573844988275253595254344021963936544153790040209082731981577322271749698486673141416844535201855589865197953745201036797672689914697145516438896138105187630401432059261822097981203991031038982436045354896426804260932100437432211950081514679024481334957265013681764102803106093276099819775598301595875311322050347797839789912569141923451994183820728192555761796942506541348239680616557563822705591087341976837577621907672014136914787875305590564571010824321440067757791794535410406199412718
460 975012049602012216015124888396706897325946837872545575292558696199789494054540699486854021008483880857942456167822775968871901434843735493146690377406664603146701418990160561685105517916158404060763191826868185421867336309158075025186242760671446723656787186116020271614797989167417521771078279503442898932374058703369228000678771681016069879895951291543637470873866176782443356968018365296134308519655057957501795653122423574918966134874107667100635258269506414498431092062151327676451078595792149403056160465246935249025063115022248469
461 15297441934206173860669962647458025844972205975332533840022467391530815248028038374089330240528344981636710622051216514943137866735280973111141003170120533690885626375271111837396343075893104094878287786945585848673989326885264876998959319896674465554823828050781753709185769214466636386934306344887364370158724954291498697923759110299035020259404146459395973622411061383974309888951658387669972311759218140732867997111002576369737279718400018656298781283477854314931208702123440606393649267299185895855880060828622563492748305299761529399
462 240024992339573054199751812400812551190291720962914241417282763509351050666899590188750733189408079792368802755874706824584565150748028838089702045673649800430156693901968547373624033682469536058189470459694062370828840044433603651775297647075409819594463771880668595447174733719038128285772032948365502777281414809374002723132661167332763889990416386151078307850055660531039121127935362329715780270531200021386300921752285735859006812099221632433121713811886773372992871331133570674816562211982340175744015691435055918378419198217911427314
463 3766156610559911460170992116824230329758153395748908111587007248722696248544289388126662375970800659382371312135865672792718402635134824392186578435012196229463906000697995937494183383774599674541318362052106616305167992530630594532112235000091966749477074675053971076312252211380175075211015848922286188919978230525615475750854496853663225901090301297311280870035729796078241794746444429716089697514080470194239464835699270128417095424949959003682038802760503429423053402900864201188535187068301430266856311306456970306303848171073133793868
464 59097441830375941094013453619276025502452511178816109124565088886901671022516714267389170329342591427934779477905966733528147207555814944656531548210606649173740585997050540705433338997857145453473755867313477246425707055527350016426720162657224128119441034178980259591568421021702704122189783753486238287423848785811662321753597118361653549055523433593109114626202181331972911231176448546760482186186551024021683493440136369707683437459176481247341775720708522926637305407836009610066780067126559409808773858269033831206526896554809096156482
465 927348819401915898009125811855201367646135358188530939696151965042315531337815820595741027089677044729244739853632293684808100885806663585047562708910779140085882971894894139309579744593663268846225758424067056010190707029221958714765723162814108499040903936873393523081233898169540171804715590256328672322270833809799054640724177176556371247849264081850825143314867869784862090526942825098834318717386452440211872812276951785235446091135707695019420100132836468806084711257605869914695473932593860890326938139768134143592687234953263479492974
466 14552779510633921325927766255835151573340137990235476312024247591695552350109951595580511738891233589907098178863361676600723489128785767753098543067511118272813844302119148985274073515584384116325787746364595539549524307805149868237809583628819381153312293300819759510209840186238097833461617916257570480471591364389413106266192154806098110961421777341656427943753863221906405024643171754548716671538740643473276007001806991347700134414806512176295732712404016748713369977520403511045013204377696683333214012531983010140073872072708998667877906
467 228377305853934872951738379584207824006720432715215192443773956569104953910495885915113683634806529650634922836337894925894882056256895602716717772338462227219060738957861144598461043835765535798411282728234243055663137991899072122728560164399808686891183866609011912354786702722678107513788978184188933649507001213569912220354334321281134857801244972944480031410763135497626538259281712612257192216819542913254608063550646681557305149835504945220924269573470150542275133953590759967039052907931079207300260324308116247507778626216192504136129434
468 3584164248721370972306725152927634866599448658887219687557697468126126855536505472348858181414815064707563062913699683681598550695113066626821202902725309258020351531567012147166798134395778200603380315561993364533878487415226196786530744066766737842685748949500028573561138265987742139551184614545137438526596701367467759909998225796846675603396938292247349529782301979137298532407733765105743435267943561698030781265504174355365330217032907944225185854357133246444616838379272104959729101375797256343331107886892295925565348442447809801325185420
469 56250567414397892471146859323010371974536137420189484610585527184415057706569061336856696186658767738884246663918610133133577506724059194529003800991965889894636044826107644829164792946309048769279600023246958403828046913207076306495109790101521404265616407714478276687184058302449005327267676552249438811647348144546953307150462398482786580017763095446242090668131176324866317588525144504543657397087572400719022925717646978866493078442546461572575350738920219561422569942440903646736063010226758442344361699913619437937962739721919234131495372184
470 882864107686053088913050312681635334624198451149847369126918760174859621787121409309313468127604914294242948117906855672173886331848484538919886294271406099420781567328420752929899472393820049629937378531833807056752222148542661299582840002801628969531932124800920266352959453407895244390068926161924799407776710345651203426978675658804596077455832052842706576697351461869368309629714615155483516779756967857280136376787484297555650079165146580213975472634562364390253066186908188868540224474827569197557796849450250348866547724023549760336116696360
471 13856862043801030564343102865685108618506400410421189238561163971883400204053410196753020402008002167515388491247367727860845599351142558251080107871234797619418536437432456800225591867796020783837306333300844000008303994934247913257188018227483129995191837282333700702897604691829884372514196551990897217777189849992844219028856898775576907453012049894706329224983011553931281867888973626960753462234827261115577657542216937173264155695643104479951347598460305104626573745502794560264108797791919765012480261527076065829256972529914853083264419918554
472 217502106716657717419409241495692217082131406190892431909205273487656539224549729064214455885454703634122110407465141985706563552041825814512638996042953763433200977673327608649646093108037473381989484959903852823451093056901652085741867864874740443883796130503320874189102904905065469623346558557123656784770574836514315778874579060834308757114702845398939780802891526228239053927021655192207232652115320794720731833171947023972280750297439396360869398853814953615401304898127925179330894790949130711274027879760494343215144211348109043712021295372130
473 3414019537714588005810799444657338837086241806741490769962205774177843258412928204722064605683495908937737646375169309572223851984777742675092007177236566256632996804383558951457765940802970978530987548799007173604991289394626205012312553732078337263092080951349833181560419289155139297467598108048493406046422956945272702705017169726732289558946540566041468613496146044373873498467394980895960108406073485565651079589819630524074294156549185299761977513549483482023223843757212084399246880954088772414071359554838841815207392666255699458488267858631638
474 53591519374102437683195600889201929353451896461180513569503358853300752448052999016079391982670813678050005371097639509616889317299826731868585149065448682229656754103417631472379325494433202479104517983343242368433316862905339595094633825152671265265443273281971642879076947468739380871863181252894770560780111890949310115178970660399152127903750719310210997380408522414894568127506842469696352103454895367473717203471069418296872335612610117397732078734983350571663468031808107421503541769331828106327369998350554378167577325496200699729069772522178072
475 841259789617137669391322281692503898064709906807566926919312561670964306147648017708170966089931119156941160936632030320474421419565991398812752464249542959260217107994490044723196931456725463207454562734801533352483015936908235117380366124266624965695188303996966744714798237025025623232468634527787668317748542296427379322141110459665600535501702194247732403804070071718094569647162877006076355005785084638616434682751806180391417794470974030420124050811312868086069739850851176370517254520129602061811859479162496693897356825953790480954081857883993372
476 13206609062391939537192338047229590988094969380811515504368628408261271328624927384522335157068214904230705788589251590578902587788429672102806445962334610237230470350650832191138457480502557604943845464134613872887074705110118018727283703997790815477329736964344247807554012529127694702598116481082190026138308150250637712888524249928341369311582342948531931759389103607840858432029436789902830608117448593320182749911693171365242083003722982731657648116187898619912897930837264554575370850756059918699922264706031022298041224631039898048569322516422306386
477 207327250638737158771542928555031235611990838865338627628552864752655672567451365962104599919062489832467461127142753904080344374170239291740400577986624337531424308050867553484467249797113157569913298850206431716522126196338709022152688374943859033555596268592115331076245941160464691020344100095070345163246407200273220952498391123442230583748276975670779025415508104453763861735980522203626166512570989774554742450943326760776647058611402461869948405433955208129527919792602083126349442065000243141793316007699610767440933782524246697852574708845263528282
478 3254981868805787308464637655768470874629431982328472367266290207522942238677214872534034997640470450247713340201320473880896800404547719980361818261995038503454597410684402780057544267998849736539725192031499143423450174576254330736761964902689339136367554275478038482394277202585551666262162398848310523999949657145199640672812554335921096454047771674492199987556856288113317088551460626193985257880538840776805677929545154950391008656962175420820697950162948884451702038907967625451794279370260287627464931493044276113445502387535710352986335129938960302816
479 51102796432820196269059253399416773898375257787362442359502362199713665328402515675943609517679051516352430509449857443541996790829419093594597057566107506108590358902072307239392116956540250027591632964867194122700047354636755933044448771042409281454866870303600818801222432939910273680304180399304498933795119855309926162588427171255019119336519123540286835345819027816362143778162883700981672266780244210634400437337065844955208882382713543217923350990125612866336630161783153416353338691930764640537502821397474543371543050857281963997856246867868101207455
480 802356708278334233126081934244161279128983782781994775988439558038471618042436352816696778072190137682322841914284987113465804222484498736081184341147766788720488044161470024927897011215922756830859083583320345887797714245181606234196051552863675041328763778774409388580124924379428788324856234486820025235214915006440893553769929556648082249093723669253971288852248258782996045594201287364540131644316669189160620128361792999118712389135156834702540577868530931481269693941128323291411444668929320037684819858817636545521634823045879703367243798061128515844109
481 12597782430129546296059866316144486057596845911822611657734189960089169139990126000807628353668726292697782971303294303004800991685094823624029320936233467466911238459363409322391209529973943627333029906558481316905312311159976462174937231929134310592051179887453576845912824017348726990852693702194920196223548767286745027663912036465292703475737453275768792736534470969164573962610013475545481893335876338405897762907094841300878320843560967636977273930527794872974801655410330699706816541660000163166209106490487769815766861701523200539286041076085418173938753
482 197809634728718440660077016485516256092667005610387086403508216353163059086638892608363216697234850059641978692488744732396345870209563197876915837157646138098158594839502009431164045691369421554562407108559546993999725575657532663599318379100365546711324197362692767153956708054165799157713673364795739784970828394282068472819447156295942313839378983379550718626268793968678243061603024271089094712183966960041578952416930378647073113132114175730439572696422675399462725732716145512246937400636790423186567596322122032976172599974485196644538599482753077064237672
483 3106022554798441184653407057559160801272707790165125997600881781931518615032479306648474081043240458427386328102863611062333405319616231981270458871693481687136181983511129573996309309508872779784006292755410903928341382750948926301598381868375363717191230748586345981669880426995632727379383555949763013947987600753201192188796531008172106280334147665313778887952489252122736590683906687419149836769710221994719508604631154385471812746699571270957830203657150242446916543259537932769064299129205855947864573482495737863602657995724992124359974345546324076390676510
484 48773969745180777923230681337098150734982871726704498040614177346307245620502943233636171954140293997822957333084548518086722833480119699585234862933551632076599122613424630436689494065238599209358827311597610026904720414008390529678221065201654697172683941841205995692441745411330245043118563703879343971044463759859770253690256098350166377543609764060773844546234943704268821448317493649008565379012818048392413912899658540751374727138228515587115475090905182170157469118192140974671602629651941212618097517621121870953502009586460761064636899317004039332426649623
485 765905728588991441774687426727184534923806094695367823915430865250297029865549975091051112862145153727776023062062386549258982785581623908239573144330026467963054027361095639790252717551273464414189973154278343204285059427248131036028191924242636371875340470050126480511351218665140344311788275326053109932483023425473747605366233416739448535536425566903414577901297553414385130618542126848590706883296080271956235462813912075058190253761491450327633280882871552439275088031383807112088153511519468688630335045864788161174546036650058356452040922453508056739593202255
486 12027873635860174444915027011251563563143118513090288392914603379376389874500243339999252504462753221735257193560475954233208977682318374493053904388980469340791671242337825845095663093336250511935065782365675477996965513357384746739158552301299684133624316533527863724499533271765452871624307925169298563861390431375226316958015292782546723258693443915728142306560080360376877495752041320602194664309710844249990074365812290450159578854908021331682116923788660750131003221080597726717736951733367261611948164977330263070194435544028734253924223547170121569089165354362
487 188888770904142712558113623082422272308606435235584328338239490892253754791643249316330787611643027541624593977583501667788331888351826056093118791955200008175287859675098553802734301256233532675036587024269227095602771911856197416211272164929388193488962557108428487782564761823049960855382975379857504142574865267035606607234515592223108768970332088708461040125425705540412315738206167595345878048187439161867456780686752734073731023751787443362309147356229018325599769430134829580082633499248369308760913280158519207572018484057158889205121693562929858751735874529912
488 2966534322352230982691185214748519079725572065434647221100715567726941032350130786932618278186821717825250677053138077967920491967407822855155723491622872729608136722980170346798075581303203887750910536561008772966902098428898333519336461631514088017740327134268236749256006197999863319041944394371666286157739787022145512908914109214175302293604538770424726846096784816693332039124917676326918090119820795130753530680155673114459413874228915821886522360408381818050285727822994666013054407330155344152483647422778500555828774334473787516433507747571209054537858399017802
489 46590379808757862367919665972957184634861640484849459960441008334321407059683064503374870226828760289750314202706715819711856150965916153082762221203852655021877536774056027341035715190217107496169497999835257556142530917212590736390736301145942412740545898256756655612055415079637556663696522560825749781559358030281608290155053059155941578421887005933295442300923561253470456384414107897539861233046572494903227982684747080833877330422334559286162619236017982362275406700702632748732967768643994206473812702993735478084424862242061150004297320521528028501905869080708332
490 731760681875072985343015344146896427796731293973217605978891945315753543610101570100457315409246082685233814678096593431728715648251902451345395366729697618396455131501725237524227825446426878048996557222782742195674224974784862446669979879199676635173394580350163402924969212147316442930173148711676288696695365952283049794772969946533612795362797321822889630781652747991044569364808095032683204592897917947328728037942590341507142618782197173816262307597461330884375854762131658468127169769063490777476779314343459619783238637053356274219700608378037289227938027232652304
491 11493321611187601270881909367590267437819477384293561396503158717365833865187522688579383502314935226900233571748135101237491939252273280482778517745872075405273835330587294782710753942540904692603319607694962209901085970353294948945144226454697760876082549616274809699185540455252612723035822254066983809830815960993279989835827235287183674636931215253010084851628275676108386588528684831930596583972049006561107268274158818752063588124871052590386820267807764803224985859325424070633174340806089711572749703781081381290678573618120770432367080694569749748571548259513112786
492 180529269485986714679015146444715466887072964357736275170792397588671817571045189222376911170171971155314667926076303711667976073959192539247521895390264244969109997404757919847191721364728872780106150598929717696945385053283113619434721587647845876038346651262661131299957462115993578481366276015493158546478088070249753720283208852455906415847139379199409841773762762782456455466762196026359548570340403089158232605812687413967891875596872090288463745169484729198272870080371788729821553049975117743257978711536042478965582489597072051599022205988261979364566761453014012982
493 2835654085319218140652858687330904008909937215300300292967814016645939122992421894889675633637200579116497218996034488112985214914984426583065496458291143830869933479770734826866993061504713318637396881433369907000916734010602841454454652904874987560916573154045696371211758875585924926909553030724490898484327074537321967105511441480184301626986048844338739854145125740850203721753146160254826014204409764495605302026328679283430338983721973134342228718083453557005283222455554111247545601912980910737552099090856553453245825927863875399004682463511538855773045863860386697978
494 44543511002681032056174479989282527673534578205096195327657150102920345228933025494200995452452469968718230406154356216262652527353474738074705515540957281762567237171266229279268019099142266167845920168523495486552017010765227702661924787102815843173893062080451530168036949061901046485665315311220727673886321009289022097612164520974474722960418235482190332682813895966578949142002068327831079998621577346935375292536449831132951237014512106427077216919386942670719021143426866958509537922962324052881624006862098502200146146693076552482049963560015415929211701198214532099766
495 699711855308097726505104536027991997548451054184781879669177875937224110780088335932527673934146887814184985427395183468920736222348088099894986467296943474256987027332960037043081541192118679946758469362664858323860770177030117259894719283339167181575309452520933589845780717326438734846250714861692936789609104085633736864583951753312251844759639255526410031662616249358868051200534876543825910134352076540091120580926452013935457630355788006204503501677760716379373747987502012974752701763602019376171257169564153501765216173204806031083566386244488291953931719125480878185091
496 10992063528046298580845690256253615612234787022302869550534982345540131092987252333985545280896480363009677908241979050177471287080516464657623273035366199354659830109064102512665455440879565327682654194193998425485971547069054179923626302090734314728912518297312103177882382739329200832970897273663430522659824001163787313142300890980390179451057225287535614736007442540694008570128133474907199278720782214737329167476899496805345908119136549285426048851841310045831720872920299244443821374454653456350564528170748022452717843706258907934100025781761845184404330503571568553402777
497 172680268495501785501551256795031289048799616203145889271437738201021259706301643778707360565195390973262303765362856147660676565972023701941525733288771905412348066964139909978785916242318506979434041964057395127530356906102411698108778449247223978284435436606350019094753750102381001017559460808043323630336233796405277384450841223456565845504979320566571687493866556072138534879086101710779164139798291878669416658465862659996396286894003004848310851014943735724219810748228937118439975175758675142511993127551057482688997848460352014552615569380763141817218465652143113886282693
498 2712885139783367170701770478466273082770862955710343137478595460285051978949865486861406438358328782104937361465656951980979776040293022891793191275679243655169934504630179307699087664104565747150181809543984902597823159719830906634425358208181505746240323449805305029494853382573367077411650162233769221915708536433909116551622062473506130803153558832739771658331738258932952158686323848142099812265440203632294775070927941535289895155738531377810269053326146569185993348956232701946738041524198023970625187097773258391797621420526100384957072772230450125219448336677826929461010854
499 42620998269872035233054992045737437350676417465810260909614780917798300082154805825309051092761554343279961362710022077076691699063188800094478291394768546969193099941847059117604377012186442764455939506671151383439285313108058015531417238312675208792791083768714891397176830932370131184473038707445008379821694825161662017138050750098484440064309931657418258736466410185794826631987188380716643928834933458212930711826990606080822640985373793385267768422677144854701100697809064024182709782626638921470497395223883205570533642709930062832996699140379520970831144001925257116424325328
500 669638908111184328767690675402887056986795840811672167413960559721384105646729895982323087716791784814892380255395146468661503150378330706165351626792312297252525564115929750236335177668805309338836737223445853882536804811777612398379637462697919165963869794050492494522585825250052371189004540642869810310727118192331787594879075860790269672610332474803743345385668528384752534758107517059262498987599447849744005665799958793362193999835353818193060499109198327260748207851617335886540857205086969389265504617930831973898622519151878452412834276944913884986165551031623533280173104094
